日期,USDRUB,基准利率,银行间同业市场:实际利率:隔夜,RTS50,GDP growth rate,10 year treasury bond,Inflation,Fiscal revenues:Cumulative value,Total External Debt,Federal government basic budget surplus or basic deficit,London Spot Gold: US Dollar Denominated,Gold reserves:Russia:Current month value,Spot Price:Crude Oil:UK Brent Dtd,Futures settlement price (continuous): WTI crude oil,Spot Price:Crude Oil:U.S. West Texas Intermediate Light Crude Oil (WTI),Fiscal Spending:Cumulative Value,Fiscal Spending:Cumulative Year-on-Year,Consumer Confidence,Unemployment,Baltic Dry Index (BDI),RJ/CRB Commodity Price Index,GPRD_MA30,Official reserve assets:Foreign exchange reserves,Dollar Index,M2,M2:YoY,CPI 2000=100,CPI:YoY 2000=100,CPI:All goods and services Dec. prior year=100,CPI:All goods and services same month of previous year=100,CPI:All goods and services previous month=100,CPI:All goods and services:MoM=100,CPI:MoM 2000=100,CPI:Core CPI,CPI:Core CPI:MoM,Balance of Payments:Primary:Current Account:Goods and Services,Federal Government Expenditures,Combined Government Budgets:Revenues,Combined Government Budgets:Expenditures,PPI,Exports of goods (FOB):Total,Imports of goods (FOB):Total,GPR,GPRC_RUS,UK Spot Settlement Price:LME Copper,LME:AM Spot Settlement Price:Copper(Grade A),UK Futures Official Price:LME 3-month Copper,UK Futures Closing Price (Electronic): LME 3-month Copper,UK Futures Closing Price (OTC):LME 3-month Copper,UK Futures Official Price: LME 3 Months Nickel,UK futures closing price (electronic): LME 3-month nickel,UK Spot Settlement Price:LME Nickel,UK Spot Closing Price (OTC):LME Nickel,U.S. futures settlement price (active contract): CBOT corn,U.S. futures closing price (continuous):CBOT corn,U.S. futures closing price (active contract): CBOT corn,U.S. futures closing prices (active contracts): COMEX copper,U.S. futures closing prices (continuous): NYMEX natural gas,Actual Market Price:Global:Natural Gas:Russian Exports to Germany,Japan Spot Price:LNG (Indonesian production):Japan,U.S. Spot Price:Natural Gas:Henry Center Delivery,German Spot Price:Natural Gas (Russian):German Ports,Official Futures Price: LME 3-month Aluminium,China Futures Closing Price (Continuous): Aluminum,China Futures Closing Price (Active Contract):Aluminum,China spot price:Aluminum:A00:National,Actual market price:Global:Wheat,UK London Spot Palladium:USD/oz,UK London Spot Palladium: EUR/oz in EUR,UK London Spot Palladium: GBP/oz on a day to day basis
01/11/2006,26.25,6.5,7.21,1776.68,8.9,6.56,9.04,5661.3,313214,103.5,646.7,395.38,64.63,63.13,63.13,3668.7,23.24,-3,6.7,4336,321.53,87.81,280970,82.95,7974.4,47.21,223.1,9,108.15,109.03,100.63,0.63,0.6,100.61,0.61,22016.01,472.2,9466.3,6839.6,254.9,24382,16180,88.78,0.41,6936,6936,6980,7080,7080,33600,33900,34705,34675,377,377,377,3.1955,8.844,8.65,7.5,8.32,8.65,2703,20840,20420,22545,182.301078,327,247.75,167.05
01/12/2006,26.32,6.5,3.65,1921.92,8.9,6.473,9.02,6276.3,313214,14.1,635.7,401.48,58.93,61.05,61.05,4281.3,21.9,-3,6.9,4397,307.26,91.34,295567,83.68,8970.7,48.72,224.8,9,109,109,100.79,0.79,0.8,100.69,0.69,22016.01,612.7,10625.8,8375.2,257.4,28354,19625,90.61,0.54,6341,6290,6330,6270,6330,33305,33200,34600,33885,374.6,402.4,374.6,2.871,6.299,8.65,7.29,5.5,8.65,2800,21230,20550,22820,179.529555,323.5,245.25,164.65
01/01/2007,26.476999,6.5,5.24,1842.93,8.1,6.57,8.19,436.2,355587,227.8,650.5,402.77,56.46,58.14,58.14,218,-4.26,-3,7.1,4225,301.21,97.65,295562,84.59,8674.9,49,228.6,8.2,101.68,108.2,101.68,1.68,1.7,100.63,0.63,25014.03,218,700.4,329.3,262.2,21287,11655,97.92,0.33,5651,5651,5690.5,5730,5735,36355,36900,39100,39575,394.6,422.4,394.6,2.5945,7.667,8.39,7.66,7.76,8.39,2730,19830,19340,20978,172.566631,331,255.7,169.75
01/02/2007,26.114,6.5,6.15,1858.14,8.1,6.565,7.59,888.2,355587,142,664.2,400.27,59.83,61.79,61.79,537.3,10.78,-3,7.2,4765,312.39,95.59,305869,83.6,8873.4,50.4,231.1,7.6,102.81,107.62,101.11,1.11,1.1,100.51,0.51,25014.03,319.3,1445.6,937.3,261.9,22945,14073,96.17,0.59,5980,5980,6070,6068,6015,40905,41340,44405,44695,420,444.2,420,2.752,7.3,8.39,7.17,7.23,8.39,2830,19710,19830,21852,175.26729,346,261.8,176.4
01/03/2007,25.9823,6.5,4.8,1935.72,8.1,6.496,7.39,1421.9,355587,149.2,661.75,400.27,68.64,65.87,65.87,945.6,14.85,-3,6.8,5388,316.88,85.69,330334,82.94,9381.7,52.6,232.5,7.4,103.42,107.38,100.59,0.59,0.6,100.52,0.52,25014.03,408.3,2530.3,1754.7,261.8,25945,16884,87.34,0.39,6940,6940,6860.5,6875,6860,43800,44650,45500,46825,383.4,385.4,383.4,3.146,7.73,8.39,7.36,7.5,8.39,2804,19270,19320,21387,173.313195,351.75,264.1,179.65
01/04/2007,25.688,6.5,3.89,1935.51,8.6,6.433,7.59,1924.9,399548,82.9,677,401.72,67.07,65.71,65.71,1369.9,15.44,0.2,6.4,6248,312.71,75.71,360410,81.46,9964.3,57.33,233.8,7.6,104.01,107.61,100.57,0.57,0.6,100.53,0.53,25295.41,424.3,3444.3,2520.7,273.1,26994,16694,76.61,0.29,7745,7824.5,7771,7795,7760,48700,48095,50095,50475,367.4,367.4,367.4,3.5565,7.863,7.83,7.72,7.71,7.83,2850.5,20300,20250,21703,178.555848,371,272.4,186
01/05/2007,25.865,6.5,3.4,1780.33,8.6,6.317,7.79,2510.6,399548,232.6,659.1,402.62,68.28,64.01,64.17,1728.2,15.05,0.2,5.9,5971,311.46,90.21,394749,82.31,10673,60.17,235.3,7.8,104.67,107.77,100.63,0.63,0.6,100.3,0.3,25295.41,358.3,4526.1,3284.9,287.7,28681,17453,92.6,0.38,7440.5,7440.5,7360,7460,7370,47700,46400,50900,48850,390.2,390.2,390.2,3.3955,7.935,7.83,8.21,7.8,7.83,2771,20360,19920,21585,178.006363,367,272.45,185.5
01/06/2007,25.712999,6.5,3.28,1897.7,8.6,6.334,8.45,3245.7,399548,304.5,650.5,406.92,73.51,70.68,70.33,2169.7,16.98,0.2,5.8,6278,315.74,98.58,397398,81.92,10827.4,53.42,237.5,8.5,105.66,108.49,100.95,0.95,1,100.43,0.43,25295.41,441.5,5694.2,4229.8,294.9,26194,18541,97.97,0.5,7650,7650,7520,7578,7560,35810,36200,35850,36315,350.6,329.4,350.6,3.4505,6.773,7.83,8.48,6.4,7.83,2736,19860,19470,21592,206.516904,365,270.05,182
01/07/2007,25.573999,6.5,4.55,1993.96,8.2,6.341,8.71,3874.6,438836,183.7,665.5,407.44,77.11,78.21,76.71,2626.6,19.78,-0.5,5.7,6967,324.1,114.76,407495,80.81,10888.4,51.24,239.6,8.7,106.58,108.7,100.87,0.87,0.9,100.9,0.9,23685.42,456.9,6836.7,5016.8,297,29083,19332,112.35,0.42,8159,8159,8010,7995,8010,31505,31400,31550,31485,342.2,325.6,342.2,3.6485,6.191,7.79,8.22,6.53,7.79,2759,19820,19660,21232,222.001735,365,266.35,179.65
01/08/2007,25.650999,6.5,6.94,1919.89,8.2,6.402,8.61,4509.9,438836,219.6,672,418.24,72.35,74.04,74.14,3054.4,20.29,-0.5,5.6,7702,308.76,81.75,407111,80.82,11128.5,50.03,239.8,8.6,106.68,108.6,100.09,0.09,0.1,101.07,1.07,23685.42,427.9,7924.3,5804.3,303.1,30318,19995,83.17,0.33,7580,7580,7505,7500,7460,30200,29850,30250,29550,340,324,340,3.397,5.468,7.79,8.61,5.49,7.79,2550.5,19480,19450,20890,240.686992,330,241.05,163.5
01/09/2007,24.844999,6.5,10.09,2071.8,8.2,6.513,9.37,5087.6,438836,197.5,743,428.54,79.11,81.66,82.88,3464.3,20.85,-0.5,5.6,9474,333.67,92.72,415264,77.698,11461.8,48.33,241.7,9.4,107.52,109.36,100.79,0.79,0.8,101.61,1.61,23685.42,409.9,8903.4,6720.8,301.2,27680,18693,94.49,0.5,8230,8165,8070,8030,8030,31600,30501,30035,31090,373,373,373,3.64,6.87,7.79,8.55,6.15,7.79,2491.5,19450,19540,21040,297.952459,343.75,242.15,168.9
01/10/2007,24.66,6.5,8.07,2223.06,9.2,6.35,10.83,6187.3,464384,487.6,789.5,438.24,90.28,94.53,94.3,4081.1,27.67,-5,5.6,10656,351.01,100.27,436007,76.54,11382.2,46.99,245.7,10.8,109.28,110.84,101.64,1.64,1.6,102.08,2.08,32734.26,616.8,10515.1,7549.3,301,34437,22225,101.47,0.57,7761,7761,7760,7750,7720,31450,32150,30900,31690,375.4,375.4,375.4,3.473,8.33,8.56,9.16,7.28,8.56,2537,17900,18320,19438,303.630491,370,256.05,178.55
01/11/2007,24.51,6.5,6.27,2220.11,9.2,6.338,11.47,6889.7,464384,-269.3,783.5,445.84,88.5,88.71,88.72,5064.8,38.05,-5,5.7,10210,339.84,89.11,452162,76.15,11756,47.42,248.7,11.5,110.62,111.49,101.23,1.23,1.2,101.09,1.09,32734.26,983.7,11657.5,9134.5,310.4,35197,22610,89.8,0.44,6825,6956,7020,7029,7000,26800,27199,27755,26620,384.4,384.4,384.4,3.1845,7.302,8.56,9.52,7.29,8.56,2515,17760,18110,19460,286.495618,349,236.45,168.95
01/12/2007,24.565001,6.5,2.84,2290.51,9.2,6.272,11.88,7779.1,464384,-19,836.5,450.34,96.02,95.98,96.01,5983,39.75,-5,6.1,9143,358.71,95.3,466750,76.69,12869,43.46,251.5,11.9,111.87,111.87,101.13,1.13,1.1,100.85,0.85,32734.26,918.2,13368.3,11378.6,321.9,37769,24928,94.97,0.63,6871,6676.5,6715,6695,6670,26050,26100,27005,26770,473.4,476.4,473.4,3.041,7.483,8.56,10.27,7.11,8.56,2422,17810,18180,18646,339.225696,364,247.85,182.55
01/01/2008,24.43,6.5,2.87,1906.97,9.2,6.281,12.55,691.3,482501,312.7,923.25,450.9,91.64,91.75,91.76,390.7,79.22,0.4,6.6,6052,369.46,81.37,475072,75.23,12509.7,44.21,257.3,12.6,102.31,112.56,102.31,2.31,2.3,101.07,1.07,44887.08,390.7,1015.5,454.5,327.1,33870,15558,81.5,0.29,7170.5,7165,7170,7325,7350,27900,27550,27550,27180,515.6,522.2,515.6,3.298,8.074,10.27,10.5,8.1,10.27,2685,19560,19530,20086,336.117065,388,261.35,195.15
01/02/2008,24.011,6.75,6.71,2063.94,9.2,6.736,12.68,1322.5,482501,173.9,971.5,451.2,100.99,101.84,101.85,858.5,59.78,4,7.1,7613,412.75,82.02,481011,73.75,12662.9,42.71,260.4,12.7,103.54,112.66,101.2,1.2,1.2,100.99,0.99,44887.08,467.9,2066.9,1372.8,329.2,35095,20977,80.75,0.38,8540.5,8540.5,8460,8410,8445,31700,31600,31505,31325,564.6,568.4,564.6,3.855,9.366,10.27,10.75,9.1,10.27,3121,19710,20160,20056,393.873735,568,373.95,286.3
01/03/2008,23.524,6.75,5.94,2053.93,9.2,6.432,13.33,1932.7,482501,166.6,933.5,457,102.68,101.58,101.6,1332.7,40.94,0.4,6.5,8081,386.89,78.12,498890,71.84,12973.8,38.29,263.5,13.3,104.78,113.34,101.2,1.2,1.2,101.11,1.11,44887.08,474.1,3334.2,2335.9,331.6,39407,23238,77.64,0.29,8520,8520,8410,8395,8390,30200,29800,29805,29495,581,582,581,3.831,10.101,10.27,10.63,9.86,10.27,2987,19190,19415,20098,403.812897,445,281.4,223.8
01/04/2008,23.629999,6.75,6.11,2122.5,7.9,6.468,14.33,3024.5,533423,544.6,871,457.87,109.99,113.46,113.47,1885.3,37.62,-2,6,9356,409.27,71.87,519758,72.58,12944.4,29.91,267.3,14.3,106.27,114.3,101.42,1.42,1.4,101.26,1.26,45989.67,552.7,5154.8,3361.9,346.6,40525,25211,71.9,0.28,8740,8655,8500,8580,8540,29025,28700,28450,28495,612.2,612.2,612.2,3.9045,10.843,11.9,11.48,10.81,11.9,2940,18550,18760,19712,326.851617,420,270,213.3
01/05/2008,23.684999,7,3.98,2459.88,7.9,6.709,15.13,3700.2,533423,179.7,885.75,459.47,127.7,127.35,127.37,2388.5,38.21,-2,5.4,11440,422.17,72.51,533109,72.87,13312.8,24.73,270.9,15.1,107.7,115.11,101.35,1.35,1.4,101.12,1.12,45989.67,503.2,6410.7,4357.3,358.8,42478,24286,72.57,0.34,8105,8105,7955,7945,7935,22245,22000,22130,21963,599.2,599.2,599.2,3.606,11.703,11.9,12.3,11.43,11.9,2923.5,18540,18910,19662,288.420286,430,277.35,218.25
01/06/2008,23.447001,7.25,3.49,2303.34,7.9,6.591,15.16,4370.7,533423,72.6,930.25,462.97,138.86,140,140.02,2995.6,38.07,-2,5.6,9589,462.74,86.79,555182,72.47,13841.2,27.83,273.5,15.1,108.74,115.13,100.97,0.97,1,100.94,0.94,45989.67,607.1,7543.7,5515.5,376.5,43024,25311,87.55,0.33,8775.5,8775.5,8585,8560,8520,21825,21905,21675,21793,757,724.6,757,3.8825,13.353,11.9,13.31,13.19,11.9,3122,18730,19145,19506,314.15835,467,296.3,234.25
01/07/2008,23.434999,7.5,4.77,1966.68,6.4,7.211,14.73,5676.8,540232,756.5,918,472.55,124.13,124.08,124.09,3557.9,35.46,1,5.7,8341,416.4,88.34,582679,73.2,13842.6,27.13,274.9,14.7,109.29,114.71,100.51,0.51,0.5,100.83,0.83,44125.79,562.3,9700.1,6626.2,396.7,46546,28686,89.74,0.54,8260.5,8260.5,8075,8071,8060,18800,18499,18635,18225,607.4,587.4,607.4,3.6615,9.119,14.36,14.08,9.26,14.36,2982,18815,18970,19649,299.42748,382,243.45,191.85
01/08/2008,24.620001,7.5,7.35,1646.14,6.4,8.29,15.01,6404.5,540232,242.4,833,486.67,113.56,115.46,115.48,4057.3,32.83,1,5.8,6809,391.71,88.27,569123,77.32,14196.6,27.57,275.8,15,109.68,115.02,100.36,0.36,0.4,100.99,0.99,44125.79,499.4,10939.7,7634,398.6,44952,27130,88.55,1.12,7510,7510,7450,7510,7510,20200,20400,20300,20165,585,568.2,585,3.387,7.943,14.36,13.81,8.24,14.36,2734,17400,17730,18939,304.164073,302,204.75,165
01/09/2008,25.639,7.5,7.36,1211.84,6.4,7.459,15.06,7155.7,540232,243.5,884.5,495.88,93.71,100.64,100.66,4594.2,32.62,1,6.2,3217,345.53,89.22,542839,79.24,14045.7,22.54,278.1,15,110.56,115.03,100.8,0.8,0.8,101.35,1.35,44125.79,536.9,12178.9,8741.5,378.6,42974,27230,88.54,0.83,6905,6419,6399,6380,6360,16100,16000,16725,16870,487.4,487.4,487.4,2.879,7.438,14.36,12.6,7.17,14.36,2446,15400,15620,17079,263.049659,199,139.8,110.15
01/10/2008,27.076,7.5,8.22,773.37,-1.3,8.595,14.2,8092.8,479823,193,730.75,506.97,60.56,67.81,67.81,5309.4,30.1,-20,6.6,851,268.39,65.13,472005,85.59,13173.1,15.73,280.6,14.2,111.57,114.21,100.91,0.91,0.9,101.32,1.32,22203.33,748.2,13785.2,9950.6,353.6,38383,26711,64.16,0.42,3995,3995,3990,4155,4099,11505,12400,11305,11931,401.4,401.4,401.4,1.829,6.783,16.02,13.15,6.18,16.02,2010,13700,13905,15485,202.774935,198,155.5,122.7
01/11/2008,27.93,8.5,9.43,658.14,-1.3,8.134,13.75,8663.4,479823,-262.8,814.5,510.08,53.5,54.43,54.44,6152.2,21.47,-20,7,715,244.94,79.13,442391,86.55,12839.2,9.21,282.9,13.8,112.5,113.77,100.83,0.83,0.8,101.06,1.06,22203.33,842.8,14743.2,11363.2,324,29353,21076,79.08,0.47,3581,3581,3625,3660,3620,9805,10000,9705,10095,413.5,349.5,413.5,1.6495,6.51,16.02,9.1,6.43,16.02,1756,12590,12635,13454,194.11463,187,146.6,121.75
01/12/2008,30.525,9.5,18.37,631.89,-1.3,9.487,13.28,9274.1,479823,-794.3,865,519.58,36.55,44.6,44.61,7566.6,26.47,-20,7.8,774,229.54,90.37,411748,81.17,12975.9,0.83,284.9,13.3,113.28,113.28,100.69,0.69,0.7,100.8,0.8,22203.33,1414.5,16003.9,13991.8,299.4,29692,23258,92.37,0.38,2812,2902,2935,3090,3060,10925,11700,9860,10615,451.5,407,451.5,1.41,5.622,16.02,7.38,5.63,16.02,1497,11640,11540,11766,188.84495,183,129.25,126.55
01/01/2009,35.564999,9.5,14.53,535.04,-9.2,12.575,13.37,772,445526,391.3,919.5,523.63,44.44,41.68,41.7,395.5,1.23,-35,8.7,1070,220.37,85.13,371426,85.84,11430.9,-8.62,291.7,13.4,102.37,113.35,102.37,2.37,2.4,101.26,1.26,16867,395.5,1059.9,477,289.2,18868,10280,85.37,0.32,3106,3106,3150,3211.75,3130,11000,11300,10870,11147,425,379,425,1.4685,4.417,16.02,6.03,4.77,16.02,1346.5,11760,11630,12416,211.276083,196,152.55,137.4
01/02/2009,35.237,9.5,9.21,544.58,-9.2,12.693,13.86,1220.3,445526,-229.1,952,525.03,44.64,44.76,44.76,1087.8,26.71,-35,9.4,1986,211.57,67.54,368157,88.15,11465.2,-9.46,296.5,13.9,104.06,113.85,101.65,1.65,1.7,101.63,1.63,16867,692.3,1889.6,1572.2,303.9,17419,13210,67.45,0.36,3390,3390,3421,3423,3448,9730,9925,9675,9926,391,350.75,391,1.5385,4.198,14.47,5.83,4.04,14.47,1326,12030,11650,12442,195.224903,195,154.35,137.7
01/03/2009,33.827999,9.5,10.62,689.63,-9.2,12.796,13.97,1732.7,445526,-128.1,916.5,531.87,46.52,49.66,49.65,1762.4,32.24,-35,9.2,1615,220.4,73.01,368065,85.6,11581.6,-10.73,300.3,14,105.42,113.97,101.31,1.31,1.3,101.36,1.36,16867,674.6,3033.5,2807.1,312.6,21467,14230,72.64,0.32,4035,4035,4051,4084,4040,9525,9800,9405,9755,435.75,404.75,435.75,1.8445,3.776,11.47,6.25,3.58,11.47,1405,13550,12780,13439,199.100568,215,161.55,150.3
01/04/2009,32.984001,10.5,8.74,832.87,-11.2,10.677,13.13,2221.4,465886,-317.3,883.25,536.82,50.41,51.12,51.11,2573.2,36.49,-32,8.8,1786,222.39,85.96,368348,84.79,11838.7,-8.54,302.4,13.2,106.15,113.15,100.69,0.69,0.7,100.84,0.84,18063.59,810.8,4156.3,4140.7,320.3,18836,14146,85.69,0.6,4300.5,4433.25,4491,4440,4431,11650,11630,11100,11253,423.25,396.25,423.25,2.0475,3.373,8.6,6.47,3.25,8.6,1467,12880,12570,13607,200.887647,218,164.95,147.7
01/05/2009,30.257999,9.5,7.07,1087.59,-11.2,11.28,12.29,2641.4,465886,-117,975.5,540.42,64.92,66.31,66.32,3118,30.54,-32,8.5,3494,253.05,92.39,387280,79.23,12331.6,-7.37,304.2,12.3,106.76,112.29,100.57,0.57,0.6,100.45,0.45,18063.59,544.7,5048.2,5210.9,322.3,21159,13115,89.68,0.44,4776,4776,4787,4795,4830,13800,13700,13770,13866,459.25,436.25,459.25,2.1975,3.835,8.6,6.79,3.92,8.6,1416.5,12820,12685,13258,227.186091,236,167.15,146
01/06/2009,31.073999,9,6.28,987.02,-11.2,11.297,11.88,3172.2,465886,-235,934.5,550.12,68.06,69.89,70,3893.8,29.98,-32,8.3,3757,249.96,81.25,395891,80.16,12650.5,-8.6,306,11.9,107.4,111.88,100.6,0.6,0.6,100.3,0.3,18063.59,775.9,6042.7,6619.7,329.2,23573,14669,81.11,0.46,5108,5108,5102,4970.25,4970,16055,15411,16010,15291,367.25,420.25,367.25,2.258,3.835,8.6,6.97,3.72,8.6,1651,13480,13435,13851,227.314694,249,176.95,150.75
01/07/2009,31.540001,8.5,5.99,1017.47,-8.6,11.316,12,3805.8,473398,-154.8,939,568.44,69.88,69.45,69.21,4698.8,32.07,-25,8.1,3350,257.45,81.18,384875,78.35,12618.1,-8.85,307.9,12,108.08,112.03,100.63,0.63,0.6,100.3,0.3,29053.19,805,7353.7,7929.1,335.1,26166,15213,83.44,0.53,5750,5750,5710,5748,5719,17775,17850,17650,17897,349.5,425,349.5,2.6315,3.653,6.79,8.05,3.34,6.79,1887.5,15180,15155,14369,195.325992,256,181.45,155.2
01/08/2009,32.404301,8.25,6.26,1066.53,-8.6,11.515,11.64,4645.8,473398,-27.8,955.5,578.08,70.4,69.96,69.53,5580.1,37.53,-25,7.8,2421,253.68,75.16,391876,78.16,12797.3,-9.86,307.9,11.6,108.08,111.63,100,0,0,100.47,0.47,29053.19,881.3,8648.5,9214.2,339.9,26805,14818,73.37,0.4,6490.5,6490.5,6500,6505,6475,19555,19120,19595,19070,329.75,408.25,329.75,2.8295,2.977,6.18,8.48,2.42,6.18,1913,14905,14905,14918,179.554051,289,201.25,176.75
01/09/2009,30.047701,8,6.51,1254.52,-8.6,10.878,10.68,5114.4,473398,-142.2,995.75,591.05,65.67,70.61,70.21,6441.7,40.21,-25,7.6,2220,259.39,91.13,394518,76.7,13101.9,-6.72,307.8,10.7,108.05,110.71,99.97,-0.03,0,100.5,0.5,29053.19,861.5,9555,10503.9,343.9,28613,16811,92.84,0.88,5934.5,5966,6155,6179.5,6155,17450,17800,16895,17055,344,344,344,2.8315,4.841,6.18,8.55,3.25,6.18,1887,14885,14835,15281,156.930451,294,201.1,183.2
01/10/2009,28.523001,6.75,6.48,1348.54,-2.6,9.276,9.69,5787.6,466294,-150.2,1040,607.63,74.97,77,77.04,7268.9,36.91,-20,7.7,3103,270.38,88.99,414028,76.39,13376.9,1.55,307.8,9.7,108.05,109.71,100,0,0,100.27,0.27,31646.48,827.2,10785.8,11706.2,340.9,30162,18409,90.58,0.58,6424.5,6575,6580.5,6490,6480,18455,18200,18465,18205,366,366,366,2.974,5.045,6.45,8.75,4.11,6.45,1934.5,15045,15235,15169,163.726438,324,218.9,196
01/11/2009,29.219999,6.75,5.6,1377.65,-2.6,9.087,9.12,6445.9,466294,-241.5,1175.75,613.73,76.61,77.28,77.39,8178.8,32.94,-20,8.2,3887,277.4,81.03,424692,74.81,13713.3,6.81,308.7,9.1,108.36,109.11,100.29,0.29,0.3,100.31,0.31,31646.48,909.9,11871.7,12995.1,339.1,30400,18442,82.1,0.44,6814.5,6814.5,6832,6969,6930,16080,16355,16030,16335,399.25,399.25,399.25,3.177,4.848,6.45,8.56,4.41,6.45,2035,15280,15570,15655,177.607281,360.5,240.1,218.9
01/12/2009,29.995199,6.25,0.69,1444.61,-2.6,8.001,8.81,7336.8,466294,-551.4,1104,649.03,77.67,79.36,79.34,9636.8,27.36,-20,8.2,3005,283.38,95.98,416653,77.92,15267.6,17.66,310,8.8,108.8,108.8,100.41,0.41,0.4,100.36,0.36,31646.48,1458,13599.7,16048.3,340.8,33687,20580,92.95,0.48,7346,7295,7377,7408,7365,18555,18848,18480,18452,414,414,414,3.3465,5.572,6.45,9.16,5.82,6.45,2242,16800,17390,16483,171.155499,393,274.45,247.4
01/01/2010,30.3496,6,4.11,1473.81,4.1,7.751,8.02,737.6,462840,104.2,1078.5,653.61,71.52,72.89,72.79,650.5,64.48,-10,9.2,2848,265.58,90.13,413514,79.49,14904.1,30.38,315.1,8,101.64,108.02,101.64,1.64,1.6,100.54,0.54,41398.35,650.5,972.7,576.7,337.2,26977,11142,91.58,0.34,6854,6854,6868,6738.25,6745,18750,18600,18730,18434,355.5,355.5,355.5,3.0525,5.131,7.59,9.34,5.26,7.59,2096,15860,16140,17080,167.821863,419,300.55,261.15
01/02/2010,29.9489,6,3.01,1410.85,4.1,7.723,7.15,1308.3,462840,-237.7,1108.25,657.87,76.22,79.66,79.67,1477.8,35.85,-10,8.6,2738,274.78,81.12,413334,80.35,15236.4,32.89,317.7,7.2,102.51,107.18,100.86,0.86,0.9,100.47,0.47,41398.35,827.4,2001.4,1757.7,343.9,30094,15239,80.73,0.42,7072,7072,7096,7226,7195,20550,21156,20495,21096,390,379,390,3.284,4.813,7.59,9.01,4.76,7.59,2088.5,16400,16730,16970,160.16156,430,316.75,283.15
01/03/2010,29.4235,5.75,3.72,1572.48,4.1,6.933,6.49,1954.9,462840,-39.8,1115.5,676.03,80.3,83.76,83.51,2199.5,24.8,-10,8.6,2998,273.34,73.08,423321,81.07,15639.4,35.04,319.8,6.5,103.16,106.47,100.63,0.63,0.6,100.47,0.47,41398.35,721.6,3463.1,3220.7,350.2,32992,18436,74.12,0.55,7830,7830,7841.5,7819.75,7790,24975,25050,24950,24960,346.75,346.75,346.75,3.5535,3.869,7.59,9.17,3.93,7.59,2320,16200,16575,16805,156.464118,479,354.7,315.65
01/04/2010,29.205,5.5,2.8,1572.84,5,7.113,6.05,2618.3,456956,-161.4,1179.25,680.63,85.58,86.15,86.14,3030.5,17.77,-7,8.2,3354,277.71,88.62,435565,81.91,16098.6,35.98,320.7,6,103.46,106.04,100.29,0.29,0.3,100.23,0.23,32785.73,831.1,4998.9,4689.9,361.3,32693,18904,88.76,0.79,7365,7365,7395.5,7407,7430,25900,26450,25810,26244,375.5,366.5,375.5,3.3535,3.92,8.35,9.34,3.94,8.35,2210,15915,16210,16862,156.825469,552,414.1,360.45
01/05/2010,30.885,5.25,2.8,1384.59,5,7.55,5.95,3195.7,456956,-44,1207.5,703.09,73.34,73.97,74.14,3659,17.35,-7,7.3,4078,254.8,89.01,428991,86.47,16470.6,33.56,322.3,6,103.98,105.97,100.5,0.5,0.5,100.13,0.13,32785.73,628.5,6182.8,5893.9,371.1,31106,19053,88.96,0.56,6926,6926,6965,6869.75,6939,21650,21050,21555,21277,360.25,360.25,360.25,3.1045,4.341,7.87,10.04,4.31,7.87,2070.5,15005,15290,15802,158.32846,471,380.9,323.5
01/06/2010,31.251499,5,2.32,1339.35,5,7.173,5.75,3997.9,456956,85.9,1244,709.81,74.97,75.63,75.68,4386.2,12.65,-7,6.8,2406,258.52,96.35,432994,86.05,16900.9,33.6,323.6,5.8,104.39,105.75,100.39,0.39,0.4,100.17,0.17,32785.73,727.2,7603.5,7331.2,359.6,31554,19327,96.45,0.53,6515,6515,6541.5,6522,6515,19375,19650,19430,19679,372.5,353.5,372.5,2.9505,4.616,8.06,9.28,4.53,8.06,1954,14550,14690,15344,149.21269,446,364.4,297.95
01/07/2010,30.275,5,2.71,1479.73,3.8,7.077,5.49,4658.4,476186,-107.2,1169,726,78.67,78.95,78.9,5171.2,10.05,-11,7,1967,274.35,78.9,448043,81.57,17063.3,35.23,324.8,5.5,104.77,105.47,100.36,0.36,0.4,100.35,0.35,19033.13,785,9010.5,8717,361.8,30726,20811,79.38,0.28,7195,7195,7217.5,7290.25,7296.5,20640,21050,20560,21080,406.75,392.75,406.75,3.3115,4.923,8.48,9.09,4.81,8.48,2138,15065,15345,15572,182.738502,487,373.75,312.4
01/08/2010,30.652,5,2.66,1421.21,3.8,7.308,6.07,5300.5,476186,-92.9,1246,735.3,75.64,71.92,71.72,5923.7,6.16,-11,6.8,2713,264.19,81.33,447071,83.07,17437.7,36.26,326.6,6.1,105.35,106.05,100.55,0.55,0.6,100.74,0.74,19033.13,752.6,10236.1,9988.9,373.6,31260,23605,80.99,0.39,7355.5,7355.5,7360.5,7405,7440,20795,20715,20710,20646,442,427.75,442,3.37,3.816,8.57,8.85,3.8,8.57,2050,15250,15460,15811,219.877442,494,388.05,320.45
01/09/2010,30.396999,5,2.66,1507.66,3.8,7.264,6.99,6008.6,476186,-34.3,1307,756,80.96,79.97,79.95,6701.2,4.03,-11,6.6,2446,286.86,71.82,458319,78.8,17690.2,35.02,329.3,7,106.23,106.97,100.84,0.84,0.8,101.13,1.13,19033.13,777.5,11419.4,11309.8,368.9,33670,23209,71.17,0.32,8053.5,8016.5,8055,8032.5,8014,23325,23320,23390,23364,487.5,487.5,487.5,3.6515,3.872,8.49,8.98,3.85,8.49,2348,15590,15870,16270,240.432183,573,419.15,361.95
01/10/2010,30.66,5,3.11,1587.14,5.1,7.591,7.5,6721.5,488537,-58.5,1346.75,775.09,82.68,81.43,81.38,7481.4,2.92,-10,6.8,2678,300.67,65.05,463767,77.05,17848.3,33.43,330.9,7.5,106.76,107.5,100.5,0.5,0.5,100.75,0.75,27657.55,780.3,12766.1,12729.9,377.1,34589,24453,65.99,0.24,8225,8225,8220,8190,8200,22895,23010,22700,22918,582,581.75,581.75,3.7335,4.038,8.64,9.52,3.36,8.64,2330,16160,16420,16723,234.599563,640,459.75,400
01/11/2010,31.339199,5,4.58,1597.35,5.1,7.67,8.07,7431.7,488537,-119.2,1383.5,784.11,86.12,84.11,84.22,8323.3,1.77,-10,6.7,2099,301.41,95.6,448778,81.3,18264.9,33.19,333.6,8.1,107.62,108.06,100.81,0.81,0.8,100.71,0.71,27657.55,841.9,14065,14165.1,393.7,34506,24544,94.71,0.68,8375,8375,8286,8387,8360,22625,22845,22595,22998,544,531.5,545.75,3.8255,4.18,8.71,10,4.16,8.71,2268,15880,16205,16670,241.840133,702,540.4,452.75
01/12/2010,30.552299,5,1.19,1770.28,5.1,7.441,8.77,8303.8,488537,-911.9,1410.25,788.62,92.55,91.38,91.44,10115.6,4.97,-10,7.2,1773,332.8,98.02,443591,78.96,20011.9,31.07,337.2,8.8,108.78,108.78,101.08,1.08,1.1,100.74,0.74,27657.55,1792.3,16031.9,17616.7,397.6,42507,26956,97.2,0.63,9600,9580,9665,9685,9600,24950,24950,24120,24258,629,629.75,629.75,4.447,4.392,8.73,9.95,4.22,8.73,2468,16440,16840,17120,274.456818,797,599.45,516.7
01/01/2011,29.6782,5,2.77,1870.31,3.3,8.25,9.55,804.9,508361,172.9,1327,789.21,99.16,92.19,92.13,657.4,1.06,-13,7.8,1107,341.42,78.69,450766,77.75,19307.7,29.55,345.2,9.6,102.37,109.56,102.37,2.37,2.4,101.06,1.06,41348.37,657.4,1115.9,647,406.2,29590,16228,79.42,0.48,9720,9720,9680,9770,9745,27100,27300,27075,27324,659.5,657.25,657.25,4.476,4.411,9.19,10.81,4.42,9.19,2495,16620,16925,17254,295.988607,806,587.9,506.3
01/02/2011,28.924999,5.25,3.27,1969.91,3.3,8.763,9.51,1505.6,508361,-44.6,1411,792.31,112.56,96.97,97,1427.1,-3.43,-13,7.6,1251,352.58,87.53,458045,77.75,19536.7,28.22,347.9,9.5,103.17,109.48,100.78,0.78,0.8,100.72,0.72,41348.37,769.8,2405,1949,419.8,39623,21670,90.01,0.33,9857.5,9857.5,9845,9874,9885,28760,28975,28840,28972,731,720.75,730.25,4.469,4.035,9.14,11.89,3.93,9.14,2560,16860,17115,17390,317.600651,790,570.8,486.75
01/03/2011,28.517,5.25,3.1,2044.2,3.3,7.817,9.44,2392.8,508361,133.2,1439,811.11,116.95,106.72,106.79,2193.5,-0.27,-13,7.1,1530,359.43,134.65,465455,75.98,19788.7,26.53,350,9.5,103.81,109.47,100.62,0.62,0.6,100.69,0.69,41348.37,787.6,4392.5,3575.4,425.5,42461,26794,136.89,0.73,9399.5,9399.5,9408.5,9478,9428,26150,26247,26080,26075,693.25,731,731,4.302,4.381,9.12,12.18,4.32,9.12,2632,16535,16775,17257,285.375811,766,540.6,477.85
01/04/2011,27.516199,5.25,4.64,2026.94,3.3,7.734,9.6,3339.7,538120,-6,1535.5,824.91,126.53,113.93,113.73,3213.8,6.05,-9,7.2,1269,370.56,90.67,483229,73.03,20020.8,24.36,351.5,9.6,104.26,109.62,100.43,0.43,0.4,100.53,0.53,43667.43,961.9,6326,5153.7,433.9,45803,26919,91.02,0.25,9370.5,9370.5,9390.5,9371,9320,26610,26845,26610,26836,756.5,755.5,758,4.19,4.683,10.03,14.41,4.51,10.03,2774,16600,16850,17270,307.254408,777,525.7,466.8
01/05/2011,27.998301,5.5,4.09,1888.6,3.3,8.179,9.59,4200,538120,229.1,1536.5,830.91,116.88,102.7,102.5,3814.8,4.26,-9,6.4,1480,350.06,105.64,480141,74.63,20160.9,22.41,353.2,9.6,104.76,109.6,100.48,0.48,0.5,100.38,0.38,43667.43,638.2,7992,6549.4,438.4,44039,27930,105.34,0.22,9224.5,9224.5,9237.5,9228.75,9215,23250,23545,23155,23587,747.5,753.75,753.75,4.165,4.649,10.02,15.75,4.63,10.02,2654.5,16805,16795,17341,307.19455,777,539.75,471.6
01/06/2011,27.967699,5.5,3.78,1906.71,3.3,8.127,9.39,5306.4,538120,327.8,1505.5,836.71,111.51,95.42,94.97,4602.9,4.94,-9,6.1,1413,338.05,84.54,484015,74.42,20721.9,22.61,354,9.4,105,109.42,100.23,0.23,0.2,100.32,0.32,43667.43,788.1,9885.1,8138.7,428.5,43656,27478,84.39,0.29,9301,9301,9315,9399,9430,23160,23480,23125,23395,620.5,630.75,590,4.253,4.36,10,16.29,4.28,10,2539,17285,17200,17796,285.29787,761,525.75,474.9
01/07/2011,27.5453,5.5,4.84,1965.02,2.5,7.71,8.99,6233.8,525578,79.3,1628.5,841.12,115.76,95.7,95.89,5477.6,5.93,-7,6.5,1264,342.08,77.93,490264,73.86,20828.1,22.06,354,9,104.99,109.01,99.99,-0.01,0,100.36,0.36,34250.14,874.7,11748.6,9665.4,420.7,41435,26855,78.92,0.27,9731,9731,9750,9840,9830,24525,24893,24500,24954,680.25,675.75,680.25,4.423,4.199,11.2,16.29,4.26,11.2,2608.5,18350,18280,18512,271.462209,824,575.2,503.5
01/08/2011,28.842899,5.5,3.99,1702.28,2.5,8.023,8.14,7220.2,525578,61.7,1813.5,844.79,117,88.81,88.85,6431.5,8.57,-7,6.1,1619,342.57,86.33,496366,74.13,21061.9,20.78,353.2,8.2,104.74,108.15,99.76,-0.24,-0.2,100.41,0.41,34250.14,954,13496.1,11138.6,434.4,43842,29428,86.95,0.38,9197,9197,9219,9258,9275,22075,22290,22050,22157,767.5,757.5,767.5,4.194,3.886,11.11,17.7,3.97,11.11,2442,17725,17470,18441,288.688308,783,542.05,479.65
01/09/2011,31.9727,5.25,5.19,1341.09,2.5,8.711,7.2,8213,525578,393.6,1620,851.54,105.25,79.2,82.2,7082.1,5.68,-7,6,1899,298.15,83.14,472496,78.79,21480.4,21.43,353,7.2,104.7,107.21,99.96,-0.04,0,100.49,0.49,34250.14,650.6,15170.8,12745.4,436.5,43037,26841,83.35,0.29,7131.5,7131.5,7160,6997,7018.5,18300,17690,18305,18640,592.5,592.5,592.5,3.152,3.771,11.11,17.78,3.68,11.11,2243,16935,16640,18043,272.340558,614,455.85,393.6
01/10/2011,29.682501,5.25,5.61,1563.28,3.8,8.712,7.19,9240.8,538884,302.2,1722,871.05,107.86,93.19,92.85,7818,4.5,-7,6.4,1965,319.84,74.94,476967,76.48,21366.7,19.71,354.7,7.2,105.2,107.19,100.48,0.48,0.5,100.54,0.54,44132.12,735.9,17025.2,14324.5,440.5,45247,28702,76.34,0.31,7900.5,7900.5,7922,8007,7990,19250,19650,19225,19555,647,647,647,3.632,3.934,12.11,17.6,3.66,12.11,2209,16360,16380,17185,251.589135,653,466.95,407
01/11/2011,30.791,5.25,5.39,1540.81,3.8,8.306,6.77,10164.8,538884,-41.9,1746,873.57,111.02,100.36,100.36,8795.3,5.67,-7,6.3,1846,313.82,83.25,462686,78.34,21920,20.01,356.2,6.8,105.64,106.78,100.42,0.42,0.4,100.5,0.5,44132.12,977.3,18669.8,16029,444.6,46427,29755,83.16,0.62,7405.5,7405.5,7430,7868.25,7885,16950,17407,16935,17492,608,601.25,608,3.5755,3.631,12.02,17.89,3.53,12.02,1988,15875,15835,16864,244.53785,620,459.1,393.8
01/12/2011,31.964199,5.25,4.54,1381.87,3.8,8.5,6.11,11366,538884,-913.3,1574.5,882.95,106.52,98.83,99.65,10935.2,8.1,-7,6.1,1738,305.3,84.18,453952,80.22,24204.8,20.95,357.8,6.1,106.1,106.1,100.44,0.44,0.4,100.43,0.43,44132.12,2139.9,20853.7,20004.8,445.4,50248,29955,85.34,0.46,7554,7595,7570,7557.25,7600,18255,18620,18280,18181,638,647.2,647.2,3.422,2.974,12.11,18.05,2.98,12.11,1992,16080,15845,16726,236.059687,630,488.55,408.45
01/01/2012,30.35,5.25,4.82,1577.29,5.4,8.29,4.14,1059.6,557521,58.4,1744,882.95,110.27,98.48,98.46,1032.4,57.04,-5,6.3,680,312.31,78.08,456550,79.28,23349.1,20.93,359.5,4.2,100.5,104.16,100.5,0.5,0.5,100.49,0.49,50486.15,1032.4,1446.5,1033.1,444.3,39497,19141,79.63,0.44,8485.5,8485.5,8495.5,8341,8320,21275,20737,21150,20774,639,640,640,3.8,2.47,12.33,17.46,2.51,12.33,2299,16120,16305,16791,243.702369,692,525.25,438.65
01/02/2012,28.998199,5.25,5.24,1734.99,5.4,8.018,3.74,1866,557521,-195.5,1770,879.19,122.73,107.07,107.1,2065.6,44.74,-5,6.2,750,322.43,90.77,463810,78.8,23542.5,20.5,360.9,3.7,100.87,103.73,100.37,0.37,0.4,100.4,0.4,50486.15,1033.3,2947.4,2721.5,449,44877,24696,92.45,0.89,8585,8585,8590.5,8525,8499,20000,19466,19910,19167,658,656,657.6,3.8735,2.616,12.22,16.71,2.44,12.22,2341.5,16055,16250,16848,245.980477,722,537,452.8
01/03/2012,29.319,5.25,5.66,1637.73,5.4,7.825,3.71,2966.3,557521,178.4,1662.5,895.74,123.46,103.02,103.22,3036.5,38.43,-5,6.3,934,308.46,87.97,465664,78.95,23747.8,20.01,363,3.7,101.46,103.7,100.58,0.58,0.6,100.49,0.49,50486.15,970.8,5103.5,4583.6,458.7,46658,28405,88.76,0.69,8480,8480,8441.5,8434,8445,17500,17840,17430,17078,604,644,644,3.8205,2.123,12.51,18.42,2,12.51,2140.5,15960,16165,16897,243.493598,651,487.8,406.75
01/04/2012,29.270201,5.25,6.05,1593.97,4.4,7.991,3.58,4058.7,570652,26.4,1651.25,895.83,118.5,104.87,104.77,4110,27.89,-4,5.6,1155,305.95,98.37,476458,78.76,23923.8,19.49,364.1,3.6,101.77,103.57,100.31,0.31,0.3,100.36,0.36,39095.86,1073.6,7115,6478.6,461.7,44903,26771,96.02,0.58,8529.5,8529.5,8377,8402,8400,17910,17880,17835,18122,634.2,660.2,634,3.8365,2.305,12.57,19.57,2.1,12.57,2098,16060,16175,16897,228.086311,679,513.4,417.85
01/05/2012,32.766201,5.25,6.23,1242.43,4.4,8.706,3.62,5083.3,570652,193,1558,911.32,101.66,86.53,86.65,4951.2,29.79,-4,5.2,923,272.97,77.76,465128,83.08,24036.3,19.22,366,3.6,102.3,103.61,100.52,0.52,0.5,100.21,0.21,39095.86,841.1,9189.8,8138.9,450.8,45473,28156,78.17,0.57,7517,7517,7499,7437.5,7425,16475,16358,16375,16375,555.2,557,557,3.364,2.416,12.57,18.33,2.34,12.57,2014,15940,15965,16757,228.87964,611,492.95,394.45
01/06/2012,32.391998,5.25,6.15,1350.51,4.4,8.46,4.29,6200.4,570652,165.5,1598.5,918.04,94.5,84.96,84.8,5929.7,28.83,-4,5.2,1004,284.19,77.59,467992,81.58,24461,18.04,369.2,4.3,103.21,104.29,100.89,0.89,0.9,100.36,0.36,39095.86,978.5,11101.5,9961.2,446.9,40810,26979,77.82,0.8,7604.5,7585.5,7585.5,7738,7685,16455,16799,16475,16694,634.6,672.5,634.75,3.492,2.814,12.56,19.38,2.74,12.56,1867.5,15520,15390,16316,241.965793,578,455.6,368.4
01/07/2012,32.158199,5.25,6.02,1377.35,3.3,7.976,5.59,7245.9,598927,43.5,1622,936.62,105.77,88.06,87.57,6960.8,27.08,-6,5.2,897,299.51,83.26,461865,82.68,24306.3,16.7,373.8,5.6,104.48,105.58,101.23,1.23,1.2,100.52,0.52,22807.36,1031.1,13166.6,11764.6,441.9,41155,29700,82.81,0.75,7581,7581,7586,7539,7560,16025,15812,16000,15807,805.2,806.5,806.2,3.4175,3.171,11.38,19.1,3.2,11.38,1900.5,15540,15450,16226,310.746438,591,480.7,377.05
01/08/2012,32.537201,5.25,4.81,1389.72,3.3,7.86,5.92,8352.1,598927,284.3,1648.5,936.71,114.4,96.47,96.44,7819.7,21.58,-6,5,703,309.59,75.11,464857,81.25,24284.2,15.3,374.1,5.9,104.58,105.94,100.1,0.1,0.1,100.6,0.6,22807.36,858.9,15024,13430.8,464.6,41119,29959,74.88,0.38,7576.5,7576.5,7591,7592,7615,16000,16050,15875,15897,799.6,801.4,799.6,3.4535,2.799,11.4,18.39,2.72,11.4,1870,15400,15365,16255,315.548219,623,493.85,392.3
01/09/2012,31.155399,5.5,6.32,1475.7,3.3,7.761,6.57,9385.4,598927,191.5,1776,934.53,111.03,92.19,92.05,8714.2,23.05,-6,5,766,309.3,68.97,476380,79.88,24437.8,13.77,376.2,6.6,105.16,106.57,100.55,0.55,0.6,100.7,0.7,22807.36,894.5,16685.2,15099.8,487,42930,27364,69.28,0.34,8267.5,8267.5,8247,8218,8205,18550,18400,18520,18299,716.2,756.25,756.25,3.758,3.32,11.38,18.76,3.08,11.38,2126,15595,15760,16352,316.653052,642,496.35,395.95
01/10/2012,31.3386,5.5,6.5,1433.96,1.9,7.405,6.54,10453.2,636421,71.9,1719,934.93,109.72,86.24,86.1,9729.4,24.45,-8,5.1,1026,295.84,82.94,475260,79.95,24444.8,14.41,377.9,6.5,105.64,106.54,100.46,0.46,0.5,100.58,0.58,32686.87,1015.2,18812,17033.9,479.1,46540,32157,81.66,0.44,7819,7819,7824,7750,7759.5,16275,16162,16235,16135,755.6,756,756,3.516,3.692,11.57,17.27,3.5,11.57,1913,15240,15320,16128,318.407835,606,466.35,376.05
01/11/2012,30.8652,5.5,6.46,1436.55,1.9,6.93,6.46,11404.8,636421,68.5,1726,937.79,110.5,88.91,88.88,10618.1,20.72,-8,5.2,1086,298.98,79.75,476241,80.23,24741,12.87,379.2,6.5,106,106.46,100.34,0.34,0.3,100.48,0.48,32686.87,888.7,20547.4,18812.8,473.5,45268,30587,81.39,0.3,7949,7949,7955,7990,7995,17275,17525,17100,17598,752.6,748,753.6,3.6385,3.561,11.64,16.83,3.46,11.64,2080,15320,15410,16037,319.459936,685,527.35,428.15
01/12/2012,30.440201,5.5,4.59,1526.98,1.9,6.85,6.54,12858.3,636421,-809.8,1664,957.76,109.99,91.82,91.56,12871.1,17.7,-8,5.1,669,295.01,76.25,486578,79.76,27164.6,12.23,381.2,6.6,106.57,106.57,100.54,0.54,0.5,100.42,0.42,32686.87,2279.6,23088.7,22825.8,468.3,48203,31855,74.83,0.44,7915,7915,7930,7944.25,7931,17160,17110,17085,17212,698.25,698.25,698.25,3.64,3.354,11.64,17.52,3.43,11.64,2071.5,15130,15365,15949,303.038556,704,532.95,436.3
01/01/2013,30.032,5.5,5.94,1622.13,1.3,6.6,7.07,1093.1,691672,13,1664.75,969.92,115.73,97.49,97.44,1108.7,7.39,-7,6,760,303.99,89.35,480195,79.24,26348.7,12.85,384.9,7.1,100.97,107.07,100.97,0.97,1,100.5,0.5,37801.62,1108.7,1591.7,1303.3,466.2,38714,21712,90.66,0.36,8170,8170,8216,8199.75,8165,18465,18398,18375,18268,740.5,740.75,740.75,3.732,3.33,11.39,17.79,3.33,11.39,2111,15030,15250,15856,288.210323,739,544.8,467.15
01/02/2013,30.441999,5.5,6.18,1534.41,1.3,6.69,7.26,1981.3,691672,-115.2,1588.5,976.92,112.06,92.05,91.84,2150.3,4.1,-7,5.8,757,292.95,82.14,475650,81.96,26768.4,13.7,387.1,7.3,101.54,107.28,100.56,0.56,0.6,100.4,0.4,37801.62,1041.6,3206.6,3110.9,469.8,41763,26484,81.59,0.45,7828,7828,7855,7816,7815,16720,16605,16660,16605,703.5,720,704.5,3.548,3.486,11.36,17.72,3.48,11.36,2005,14620,14795,15451,271.678589,744,567.05,490.1
01/03/2013,31.053699,5.5,6.27,1460.04,1.3,6.91,7.02,3105.6,691672,160.4,1598.25,981.62,107.39,97.23,97.06,3167.8,4.32,-7,5.7,910,296.39,75.39,477267,82.99,27198.6,14.53,388.5,7,101.89,107.02,100.34,0.34,0.3,100.39,0.39,37801.62,1017.5,5401.6,5110.7,472.2,44356,28370,75.9,0.4,7582.5,7582.5,7613.5,7533.25,7540,16700,16688,16540,16589.5,695.25,695.25,695.25,3.407,4.045,11.36,18.31,4.03,11.36,1910.5,14530,14610,15421,263.341859,770,599.9,507.9
01/04/2013,30.930201,5.5,6.65,1407.21,1.7,6.53,7.22,4224.4,707764,7.8,1469,989.99,101.46,93.46,93.25,4230.8,2.94,-6,5.6,863,288.13,93.84,486350,81.72,27377.1,14.43,390.4,7.2,102.41,107.24,100.51,0.51,0.5,100.43,0.43,28786.99,1131.1,7707.7,7311.6,466.6,44333,29849,95.11,0.52,7073.5,7073.5,7105.5,7037,7055,15255,15364,15200,15205,650,684,648.5,3.1815,4.348,11.64,17.71,4.3,11.64,1886.5,14580,14670,15422,264.170262,699,534.4,451.1
01/05/2013,31.656401,5.5,6.35,1331.43,1.7,7.36,7.38,5115.5,707764,138.1,1394.5,996.14,101.56,91.97,91.84,4924.2,-0.55,-6,5.2,809,281.85,83.87,473393,83.27,27593.4,14.8,393,7.4,103.09,107.39,100.66,0.66,0.7,100.33,0.33,28786.99,755.3,9441.5,8871.4,462.1,40879,26383,83.72,0.6,7241,7241,7270.5,7276,7309,14710,14829,14635,14752,567.25,662.5,568.5,3.307,3.983,11.41,16.94,4.02,11.41,1905,14840,14830,15620,276.045147,744,572.75,488.65
01/06/2013,32.810501,5.5,6.51,1275.44,1.7,7.62,6.91,6257.7,707764,149.7,1192,996.42,102.46,96.56,96.51,5889.8,-0.67,-6,5.4,1171,275.62,82.58,475224,83.18,28212.3,15.34,394.7,6.9,103.52,106.89,100.42,0.42,0.4,100.29,0.29,28786.99,1025.4,11370.7,10835.4,464,41707,28243,82.97,0.56,6750.5,6750.5,6775.5,6765,6750,13710,13737,13680,13643.5,511,685.5,506,3.0585,3.575,11.32,17.69,3.57,11.32,1776,14360,14215,15590,266.850879,643,491.8,421.8
01/07/2013,32.924198,5.5,6.26,1313.38,1.6,7.52,6.45,7330,716260,-104.7,1314.5,1002.77,107.83,105.03,105.13,7042.8,1.18,-7,5.3,1062,283.94,77.25,470205,81.67,28443.9,17.02,397.9,6.5,104.37,106.46,100.82,0.82,0.8,100.33,0.33,23551.5,1202.5,13574.9,12838,473.4,43585,30263,73.98,0.3,6805,6805,6810,6886.25,6880,13650,13850,13570,13802,479,499,478.5,3.098,3.465,10.98,16.98,3.46,10.98,1778,14155,14170,15458,257.472893,733,554.45,484
01/08/2013,33.27787,5.5,6.24,1290.96,1.6,7.71,6.52,8418.2,716260,198.2,1394.75,1015.49,115.38,107.65,107.78,7977.9,2.02,-7,5.2,1132,291.16,90.28,464202,82.04,28499.9,17.36,398.5,6.5,104.52,106.51,100.14,0.14,0.1,100.51,0.51,23551.5,935.5,15472.1,14623.5,486.7,42399,28351,90.96,0.6,7095,7095,7122.5,7111,7100,13830,13789,13755,13725,482,496.5,480.5,3.236,3.588,10.97,17,3.57,10.97,1817.5,14300,14255,15499,258.925938,727,549.9,469.5
01/09/2013,32.342098,5.5,6.48,1422.49,1.6,7.31,6.14,9604.5,716260,266.1,1326.5,1015.12,108.08,102.33,102.98,8951.6,2.72,-7,5.3,2003,285.54,98.08,479451,80.23,28352.6,16.02,399.3,6.1,104.74,106.14,100.21,0.21,0.2,100.67,0.67,23551.5,973.6,17417.5,16504.2,493.6,44675,28692,100.46,0.99,7290.5,7290.5,7296,7293,7302,13935,13908,13860,13885,441.5,441.5,441.5,3.331,3.56,10.96,17.01,3.48,10.96,1849.5,14450,14315,15621,257.499616,726,536,449.4
01/10/2013,31.9561,5.5,6.38,1480.42,2.5,7.15,6.27,10740.6,728864,-22.1,1324,1015.15,107.47,96.38,96.26,10081.4,3.62,-11,5.5,1504,277.86,71.59,480238,80.23,28276.4,15.67,401.6,6.3,105.34,106.27,100.57,0.57,0.6,100.61,0.61,32166.79,1179.5,19700.9,18564,487.9,43390,30648,72.95,0.5,7234,7234,7241,7238.75,7249,14600,14620,14515,14557,428.25,428.25,428.25,3.305,3.574,10.93,16.49,3.57,10.93,1876,14455,14400,15646,278.149557,742,544.4,462.3
01/11/2013,33.145508,5.5,6.47,1402.93,2.5,7.81,6.51,11758.7,728864,-9.9,1253,1015.09,110.87,92.72,92.1,11116.7,4.7,-11,5.4,1821,274.88,76.75,474950,80.62,28873.3,16.7,403.9,6.5,105.93,106.5,100.56,0.56,0.6,100.58,0.58,32166.79,1035.2,21570.2,20539.9,480.6,46669,29793,77.78,0.64,7027,7027,7030,7030,7055,13480,13487,13415,13451,424.5,415,424.75,3.217,3.908,10.96,16.71,3.87,10.96,1754,14180,14005,15467,259.777723,724,532.15,443.2
01/12/2013,32.683201,5.5,4.74,1442.73,2.5,7.71,6.48,13019.9,728864,-933.4,1201.5,1035.21,110.3,98.42,98.66,13342.9,3.67,-11,5.6,2277,280.17,72.11,469605,80.2,31155.6,14.69,405.9,6.5,106.47,106.47,100.51,0.51,0.5,100.39,0.39,32166.79,2226.2,24082.4,24931.1,485.5,49366,32481,70.37,0.39,7394.5,7387,7371,7374.5,7360,14000,13967,13970,13832,422,421,421,3.3725,4.232,10.99,17.72,4.31,10.99,1811,14125,14035,15197,246.112579,716,519,434.1
01/01/2014,34.903301,5.5,6.28,1301.02,0.5,8.39,6.08,1326.7,715892,589,1251,1034.67,108.18,97.49,97.44,761.2,-31.34,-11,5.6,1110,283.31,77.5,457211,81.25,29861.2,13.33,408.3,6.1,100.59,106.07,100.59,0.59,0.6,100.39,0.39,39301.91,761.2,1726.3,981.1,487.7,39529,20977,77.92,0.52,7091,7091,7062.5,7043,7065,13745,14019,13700,13928,434,434.25,434.25,3.195,4.887,10.9,17.76,5.04,10.9,1708.5,13465,13580,14699,229.980359,707,522.95,429
01/02/2014,35.990898,5.5,6.32,1267.27,0.5,8.33,6.23,2368.6,715892,-481.4,1326.5,1041.92,108.8,102.59,102.56,2261.5,5.17,-11,5.6,1258,302.43,69.62,448738,79.78,30169,12.7,411.2,6.2,101.29,106.21,100.7,0.7,0.7,100.49,0.49,39301.91,1576.5,3579.8,3373.5,485.6,36339,24089,69,0.61,7097.5,7097.5,7026,7012.25,7010,14595,14677,14550,14692,463.5,458,463.5,3.188,4.6,10.83,17.96,4.8,10.83,1765.5,13105,13350,14374,242.798282,746,539.8,446.05
01/03/2014,35.551498,7,8.18,1226.1,0.5,8.93,6.9,3521.4,715892,135.9,1291.75,1040.71,106,101.58,101.45,3345.7,5.62,-11,5.4,1362,304.67,120.12,442776,80.11,29519.3,8.53,415.3,6.9,102.32,106.92,101.02,1.02,1,100.82,0.82,39301.91,1073.1,5960.4,5432,496.6,46944,27372,119.84,2.33,6636,6636,6626,6645.25,6645,15770,15911,15735,15860.5,502,501.75,501.75,3.039,4.472,10.69,17.81,4.48,10.69,1773.5,12830,13015,13894,275.612494,778,564.4,467.55
01/04/2014,35.620399,7.5,8.67,1155.7,1.3,9.47,7.35,4754.3,732779,30.1,1288.5,1068.39,108.5,99.74,99.77,4626.2,9.35,-6,5.3,943,309.53,92.78,427975,79.53,29879,9.14,419.1,7.3,103.24,107.33,100.9,0.9,0.9,100.87,0.87,37032.08,1340.9,8498.3,7778.7,500.3,47522,27753,93.22,1.54,6724,6724,6710.5,6643,6642,18255,18325,18200,18298,519,514,519,3.027,4.795,10.79,17.67,4.79,10.79,1812,13300,13330,14512,276.382361,803,579.15,476.3
01/05/2014,34.916203,7.5,8.18,1295.75,1.3,8.6,7.58,5882.6,732779,336.9,1250.5,1077.91,109.1,102.71,102.75,5406.4,9.79,-6,4.9,934,305.48,83.32,423768,80.39,29890.8,8.33,422.8,7.6,104.17,107.59,100.9,0.9,0.9,100.85,0.85,37032.08,800.9,10572.3,9519.8,502.4,43945,26159,83.43,1.04,6995.5,6995.5,6906,6843.5,6845,19280,19300,19310,19209,465.75,465,465,3.125,4.555,10.64,17.68,4.49,10.64,1856.5,13260,13530,14446,287.912874,836,614.05,499.25
01/06/2014,33.7272,7.5,8.64,1366.08,1.3,8.33,7.8,7120.9,732779,290.8,1315,1094.73,111,105.37,105.4,6402.1,8.7,-6,4.9,850,308.22,98.17,431958,79.79,30073.1,6.6,425.5,7.8,104.82,107.81,100.62,0.62,0.6,100.77,0.77,37032.08,983.3,12671.2,11583.6,506.5,40600,26745,98.77,0.82,6955,6955,6935,7014,7015,18800,19070,18715,18969,425.25,424,424,3.185,4.443,10.52,17.51,4.39,10.52,1884,13360,13475,14166,261.649901,844,617.85,494.85
01/07/2014,35.560001,8,8.17,1219.36,0.9,9.51,7.44,8255.6,680857,51.3,1285.25,1105.3,104.4,98.17,99.93,7516.5,6.73,-7,4.9,755,294.43,136.41,422654,81.46,30178.3,6.1,427.5,7.5,105.33,107.45,100.49,0.49,0.5,100.62,0.62,26599.44,1108.6,15108.2,13720.4,514.8,46185,29153,138.75,1.85,7135.5,7135.5,7120,7103,7115,18800,18510,18765,18435.5,367,357,366.75,3.229,3.835,9.4,17.43,3.78,9.4,2022,14040,14145,14464,238.549905,880,657.7,521.95
01/08/2014,37.078236,8,8.14,1190.23,0.9,9.74,7.55,9439.6,680857,290.6,1285.75,1112.53,101.32,95.96,95.86,8467.4,6.14,-7,4.8,1147,292.75,131.82,419239,82.72,30338.7,6.45,428.6,7.6,105.58,107.55,100.24,0.24,0.2,100.64,0.64,26599.44,950.8,17143.4,15631.6,514.7,41413,25278,136.45,1.49,6995,6995,6971,6957.25,6982,18575,18795,18455,18717,364.75,358.75,364.75,3.167,4.084,10.38,16.23,4.04,10.38,2113.5,14495,14505,14527,229.158001,898,681.1,541.45
01/09/2014,39.325199,8,8.09,1123.72,0.9,9.4,8.04,10698.3,680857,255.6,1216.5,1149.78,94.8,91.16,91.28,9529,6.45,-7,4.9,1063,278.55,130.57,409224,85.91,30297.6,6.86,431.4,8,106.27,108.03,100.65,0.65,0.7,100.86,0.86,26599.44,1061.7,19221.4,17679.1,510.8,38054,26037,131.56,1.51,6736,6736,6687,6655,6667,16600,16265,16505,16241.5,320.75,320,320,3.022,4.129,10.4,15.7,4.14,10.4,1969,13975,14015,14248,211.171101,775,615.1,478.1
01/10/2014,41.013,9.5,9.1,1091.44,0.3,9.99,8.29,11891.6,599901,-15.2,1164.25,1168.71,84.3,80.54,81.39,10713.9,6.27,-18,5.1,1428,271.96,79.87,383283,86.92,29831.2,5.5,434.9,8.3,107.14,108.29,100.82,0.82,0.8,100.8,0.8,30719.55,1235.2,21563.5,19973.8,512.5,41502,26785,83.66,0.48,6835.5,6835.5,6770,6711,6695,15900,15740,15815,15720,376.75,375,375,3.0525,3.867,10.4,15.23,3.82,10.4,2036.5,13840,14000,13887,210.724928,784,626.7,491.25
01/11/2014,49.257999,9.5,10.66,974.27,0.3,10.61,9.06,12951.4,599901,144.1,1182.75,1187.46,71.67,66.15,73.75,11639.2,4.7,-18,5.2,1153,254.37,84.14,373658,88.24,30141.9,4.39,440.5,9.1,108.51,109.06,101.28,1.28,1.3,101.02,1.02,30719.55,925.3,23439.4,21891.2,510.1,36681,23072,84.38,0.78,6515.5,6515.5,6461,6348,6351,16160,16184,16090,16223,388.75,376,389.25,2.8485,4.075,10.16,16.41,4.3,10.16,2027,13670,13765,13859,215.987918,809,648.25,515.6
01/12/2014,56.560001,17,16.08,790.71,0.3,14.09,11.36,14496.8,599901,-1608.6,1199.25,1208.19,55,53.27,53.77,14830.6,11.15,-18,5.3,782,229.96,86.38,339371,90.27,31615.7,1.48,452,11.4,111.35,111.35,102.62,2.62,2.6,102.55,2.55,30719.55,3191.4,26766.1,27611.7,513.9,38093,24457,86.53,0.73,6359,6359,6289.5,6284.25,6300,15025,15148,14935,15074,397,397.75,397.75,2.8275,2.914,10.45,16.58,3.14,10.45,1859,12985,13060,13349,234.858837,811,666.39,521.71
01/01/2015,69.252075,15,16.64,737.35,-1.5,13.91,14.96,1324.2,557295,-184.4,1260.25,1207.71,47.9,48.24,44.43,1540,102.31,-32,5.5,608,218.84,109.47,327147,94.8737,31033.7,3.93,469.4,15,103.85,114.96,103.85,3.85,3.9,103.52,3.52,37220.12,1540,1661.5,1833.3,520.7,27901,12156,111.99,0.64,5505,5505,5465,5494,5495,14825,15170,14785,15109,370,370,370,2.467,2.675,9.5,15.5,2.88,9.5,1847,12760,12810,13012,213.021408,775,685.54,514.95
01/02/2015,61.134998,15,15.5,896.63,-1.5,13.41,16.68,2278.9,557295,-405.9,1214,1207.71,61.99,49.76,49.3,2958.7,30.83,-32,5.8,540,224.08,111.23,313431,95.25,31225,3.5,479.8,16.7,106.16,116.7,102.22,2.22,2.2,102.35,2.35,37220.12,1418.7,3403,4237.1,531.7,29401,15418,111.92,1.36,5880.5,5880.5,5841,5896,5895,14100,14080,14045,14037,393.25,383,392.25,2.688,2.71,9.29,14.69,2.79,9.29,1808,12890,12965,13131,201.742069,808,719.82,523.82
01/03/2015,57.525002,14,14.68,880.42,-1.5,12.12,16.93,3438.1,557295,60.7,1187,1238.25,53.99,47.6,47.63,4130,23.44,-32,5.9,602,211.86,103.21,309093,98.4117,31028.8,5.11,485.6,16.9,107.44,116.92,101.21,1.21,1.2,101.47,1.47,37220.12,1171.3,6044.6,6491.8,561,32905,17082,104.24,0.79,6050.5,6050.5,6021,6019.5,6041,12550,12350,12460,12339,376.25,375.25,375.25,2.739,2.644,9.29,13.05,2.65,9.29,1790,13300,13370,13339,202.691427,729,678.14,493.07
01/04/2015,50.9897,12.5,14.61,1029.31,-3.3,10.71,16.39,4550.1,556340,-181.6,1180.25,1246.59,64.4,59.63,58.48,5456.8,17.95,-23,5.8,591,229.49,99.56,307718,94.8313,31696.9,6.08,487.8,16.4,107.93,116.41,100.46,0.46,0.5,100.8,0.8,34257.97,1326.8,8704.9,9531.8,575.9,30715,16170,102.19,0.82,6245,6245,6218,6315.5,6335,13880,13925,13860,13915,366.25,362.25,366.25,2.874,2.73,7.39,11.02,2.56,7.39,1904,13280,13345,13332,195.931228,779,698.97,506.83
01/05/2015,52.529999,12.5,13.15,968.81,-3.3,10.7,15.78,5360.8,556340,-22,1191.4,1250.91,63.49,60.3,60.23,6304.5,16.61,-23,5.6,589,223.18,74.35,308895,96.86,31820.4,6.46,489.5,15.8,108.31,115.78,100.35,0.35,0.4,100.55,0.55,34257.97,847.7,10514.7,11360.5,568.9,30654,15290,76.26,0.45,6088.5,6088.5,6095,6018,6015,12725,12600,12675,12588,351.5,351.5,351.5,2.735,2.642,7.37,9.04,2.78,7.37,1745,13080,13225,13223,193.216571,783,713.11,512.6
01/06/2015,55.6507,11.5,12.31,939.93,-3.3,11.08,15.28,6620.9,556340,198.8,1171,1275.05,61.05,59.47,59.38,7418.5,15.88,-23,5.4,800,227.17,85.29,313342,95.5016,31936.3,6.2,490.5,15.3,108.52,115.28,100.19,0.19,0.2,100.44,0.44,34257.97,1114.1,12748.6,13631.5,572.8,30088,16221,85.91,0.71,5721,5721,5734,5762,5765,11720,12015,11680,11932.5,422,414,420,2.6175,2.823,7.3,8.79,2.8,7.3,1688.5,12750,12625,12906,199.835442,677,602.85,429.43
01/07/2015,59.675499,11,11.21,858.82,-2.6,10.91,15.65,7796,536890,-220,1098.4,1288.17,52.53,47.12,46.92,8838.7,17.59,-24,5.3,1131,202.57,106.67,312663,97.2276,32072.5,6.28,494.4,15.6,109.39,115.64,100.8,0.8,0.8,100.38,0.38,16713.42,1420.1,15243.3,16055.4,581.2,27322,16763,106.81,0.82,5220,5220,5221,5224,5230,10960,11065,10925,10993.5,381.25,371.75,381.25,2.354,2.714,6.68,9.32,2.76,6.68,1625,12050,12255,12416,199.21748,610,551.29,389.28
01/08/2015,65.294998,11,11.15,833.6,-2.6,11.79,15.75,8959.9,536890,216.2,1135,1317.72,48.3,49.2,48.66,9867,16.53,-24,5.3,903,202.09,81.33,318661,95.9885,32361,6.67,496.1,15.8,109.77,115.77,100.35,0.35,0.4,100.78,0.78,16713.42,1028.3,17316.8,18168.5,581.9,25034,16232,82.48,0.6,5095,5095,5076,5143.5,5135,9870,10060,9835,10033,375.25,363,375.25,2.3355,2.687,6.66,10.16,2.7,6.66,1566,11840,11890,12217,173.517592,573,509.11,373.17
01/09/2015,65.709999,11,11.52,789.73,-2.6,11.22,15.67,10145.4,536890,277.2,1114,1352.21,47.29,45.09,45.17,10794.3,13.28,-24,5.2,900,193.76,96.27,322375,96.2692,32052.5,5.79,499,15.7,110.4,115.68,100.57,0.57,0.6,100.8,0.8,16713.42,927.3,19496.2,20248,575.5,26343,16831,98.77,1.07,5093,5093,5071,5151,5160,10105,10330,10070,10365.5,387.75,388.75,388.75,2.34,2.521,6.49,10.01,2.47,6.49,1573,11650,11680,12121,164.06922,661,590.44,435.44
01/10/2015,64.190002,11,11.35,845.54,-2.7,10.05,15.59,11337.3,518489,44.8,1142.35,1370.62,48.16,46.59,46.38,11983.6,11.85,-26,5.5,721,195.61,84.98,319061,96.8961,32161,7.81,502.7,15.6,111.22,115.59,100.74,0.74,0.7,100.69,0.69,23286.24,1189.3,21911.1,22500.8,585.5,26964,16917,91.93,1.2,5135.5,5135.5,5116,5113,5112,10145,10045,10135,10046,382.25,382,382,2.316,2.305,6.01,10.37,1.98,6.01,1479,10380,10350,11086,165.451482,677,612.95,440.76
01/11/2015,66.419998,11,11.31,847.1,-2.7,9.85,14.96,12176.1,518489,-170.7,1061.9,1392.92,44.02,41.65,41.62,13021,11.87,-26,5.8,584,182.54,146.28,317028,100.2351,32745,8.64,506.4,15,112.05,114.98,100.75,0.75,0.8,100.57,0.57,23286.24,1037.4,23679.2,24664.9,581.6,25384,16434,150.72,1.67,4595.5,4595.5,4589,4572.5,4586,8820,8855,8735,8864.5,372.25,366,372,2.045,2.23,5.87,9.4,2.11,5.87,1452,10250,10050,11017,157.804379,538,508.75,358.07
01/12/2015,73.230003,11,7.76,757.04,-2.7,9.74,12.9,13655.7,518489,-1051.3,1062.25,1414.54,35.74,37.04,37.58,15610.9,5.26,-26,5.8,478,176.14,139.5,319836,98.7044,35179.7,11.27,510.3,12.9,112.91,112.91,100.77,0.77,0.8,100.56,0.56,23286.24,2589.9,26494.1,29307.8,568.7,28708,17505,148.24,0.97,4702,4702,4701,4689,4705,8700,8820,8665,8780,358.75,358.25,358.25,2.135,2.35,5.81,10.15,2.28,5.81,1513.5,11200,10820,11516,163.893455,555,507.54,374.62
01/01/2016,76.550003,11,11.12,745.3,-0.5,10.3,9.76,1094,520121,427.2,1111.8,1435.94,33.11,33.62,33.73,693.6,-54.96,-30,5.8,317,166.75,112.87,320180,99.5558,33966.5,9.45,515.2,9.8,100.96,109.77,100.96,0.96,1,100.82,0.82,17595.45,693.6,1653.1,1095.5,560.8,17149,9844,118.21,0.7,4541.5,4541.5,4535.5,4569,4561,8585,8610,8545,8583,372,371,371,2.061,2.305,5.09,8.46,2.28,5.09,1524,10720,10755,11355,164.611627,501,460.9,351.21
01/02/2016,76.339996,11,10.82,768.8,-0.5,9.68,8.07,1841.9,520121,-405.8,1234.9,1447.01,35.79,33.75,33.79,1940.7,-34.41,-30,5.8,329,163.22,99.21,323275,98.2616,34309.6,9.88,518.5,8.1,101.6,108.06,100.63,0.63,0.6,100.66,0.66,17595.45,1247.1,3264.7,3348.6,551.9,20135,12861,103.75,1.19,4705,4705,4691,4700,4695,8455,8530,8420,8491,357.5,353.75,357.5,2.1295,1.705,4.79,7.99,1.62,4.79,1585.5,11225,11300,11600,159.283795,494,453.84,356.04
01/03/2016,67.68,11,11.31,876.2,-0.5,9.1,7.27,2910.7,520121,-465,1237,1460.38,38.7,38.34,38.45,3549.3,-14.06,-30,6,429,170.52,104.69,328871,94.6281,34689.4,11.8,520.9,7.3,102.07,107.27,100.46,0.46,0.5,100.62,0.62,17595.45,1608.6,5876.1,6339.1,569.1,23185,15352,109.72,0.78,4855.5,4855.5,4820.5,4856.5,4847,8360,8495,8280,8448.5,351.5,351.5,351.5,2.183,1.963,4.09,8.01,1.98,4.09,1501,11715,11750,11851,164.060472,569,499.78,395.69
01/04/2016,64.683052,11,10.98,951.11,-0.4,8.88,7.26,3910.1,523015,-454.9,1285.65,1476.62,45.48,45.92,46.07,5045.8,-7.53,-26,5.9,703,184.61,83.63,331015,93.0482,35105.5,10.75,523.2,7.3,102.52,107.25,100.44,0.44,0.4,100.5,0.5,16309.93,1496.5,8330,9029.5,584,21750,15113,85.22,0.78,5045,5045,5034,5035.5,5050,9490,9425,9460,9409,391.25,391,392,2.281,2.141,4.02,6.68,1.89,4.02,1675,12740,12680,12775,163.386838,628,549.91,429.7
01/05/2016,65.668999,11,11.29,904.33,-0.4,8.88,7.31,4645.7,523015,-227.6,1212.1,1481.44,49.25,49.1,48.89,6039.3,-4.21,-26,5.6,612,186.15,84.93,329786,95.8412,35642.9,12.01,525.3,7.3,102.94,107.31,100.41,0.41,0.4,100.45,0.45,16309.93,993.4,10213,11106.6,589.6,22042,14437,88.33,0.66,4700,4700,4675,4654,4671,8520,8465,8465,8388.5,404.75,404,404,2.0845,2.289,3.99,6.81,2.12,3.99,1559,12500,12260,12502,157.560342,540,484.09,368.73
01/06/2016,63.814999,10.5,10.42,930.77,-0.4,8.31,7.48,5868.7,523015,10.8,1320.75,1498.73,48.4,48.33,49.51,7297.9,-1.63,-26,5.4,660,192.57,88.55,329259,95.9526,35856.9,12.28,527.2,7.5,103.31,107.49,100.36,0.36,0.4,100.41,0.41,16309.93,1258.7,12521.5,13582.9,605.3,24038,15982,90.17,0.54,4827,4827,4835,4850.5,4845,9475,9420,9415,9401,365.5,361.75,370,2.2005,2.934,4.04,7.08,2.94,4.04,1643.5,12720,12530,12797,156.695037,589,530.15,437.92
01/07/2016,65.963058,10.5,10.36,927.57,-0.2,8.41,7.22,6970.3,518330,7.3,1342,1506.01,41.62,41.6,41.6,8412.3,-4.82,-19,5.3,656,181.01,112.01,329392,95.5534,36031.7,12.34,530.1,7.2,103.87,107.21,100.54,0.54,0.5,100.34,0.34,11240.44,1114.3,14932.9,15784.1,606.1,22445,16144,114.61,0.76,4853,4853,4865,4920,4925,10510,10635,10445,10587.25,342.75,333.75,342,2.2285,2.856,4.3,6.85,2.97,4.3,1628,12400,12260,12776,133.710203,707,633.8,534.39
01/08/2016,65.3097,10.5,10.27,950.25,-0.2,8.23,6.85,8144,518330,114.7,1309.25,1526.1,46.27,44.7,44.7,9588.5,-2.82,-19,5.2,711,180.21,98.61,330488,95.9868,36169.6,11.77,530.1,6.9,103.88,106.85,100.01,0.01,0,100.4,0.4,11240.44,1176.3,17197.8,18101.9,597.8,23105,18449,98.74,0.94,4602.5,4602.5,4620,4618,4617,9795,9770,9725,9707.5,315.5,302,315.25,2.079,2.88,4.25,7.42,2.95,4.25,1624,12430,12215,12808,127.899911,674,605.3,514.31
01/09/2016,63.080002,10,10.38,990.88,-0.2,8.16,6.41,9295.4,518330,-18.4,1322.5,1542.65,48.4,48.24,47.05,10804.9,0.1,-19,5.2,875,186.32,103.72,332232,95.4426,36148.8,12.78,531,6.4,104.06,106.43,100.17,0.17,0.2,100.51,0.51,11240.44,1216.4,19374.5,20493.6,601.9,25369,17959,104.55,1.05,4832,4832,4847,4877.5,4865,10540,10515,10460,10528,336.75,336,336,2.2135,2.903,3.96,7.79,2.84,3.96,1669,12860,12270,13277,123.248756,722,646.37,556.88
01/10/2016,63.041901,10,10.28,988.74,0.4,8.58,6.09,10441.6,511752,40.6,1272,1583.05,46.62,46.86,45.86,11956.6,-0.23,-18,5.4,857,186.28,87.45,326310,98.3517,36051,12.1,533.3,6.1,104.51,106.1,100.43,0.43,0.4,100.39,0.39,21289.1,1151.7,21871,22875.3,603.4,24751,18180,85.75,1,4827.5,4827.5,4842,4862,4853,10600,10425,10550,10437,354.75,354.25,354.25,2.2075,2.98,4.01,7.93,2.85,4.01,1724,14525,14100,14200,122.5585,612,559.16,503.5
01/11/2016,65.135002,10,10.1,1029.05,0.4,8.81,5.79,11436.8,511752,-187.3,1178.1,1574.78,49.08,49.44,49.44,13170.4,1.15,-18,5.4,1204,189.31,83.58,323631,101.5732,36433,11.26,535.7,5.8,104.97,105.78,100.44,0.44,0.4,100.38,0.38,21289.1,1213.8,24095.8,25444.1,607.4,26532,17615,82.92,0.98,5740,5740,5755,5795,5825,11010,11170,10965,11195.75,348.5,336.25,348.5,2.6335,3.346,4.54,7.16,3.32,4.54,1724,13680,13145,14656,122.549798,770,724.37,616.99
01/12/2016,61.2313,10,10.13,1152.33,0.4,8.38,5.39,13460.1,511752,-1187.8,1159.1,1583.05,54.94,53.72,53.72,16416.4,5.16,-18,5.3,961,192.51,100.12,317548,102.3837,38418,9.21,537.8,5.4,105.39,105.39,100.4,0.4,0.4,100.33,0.33,21289.1,3256.4,27746.7,30888.8,610.9,31209,19557,102.18,1.26,5501,5501,5520,5516,5535.5,10095,10055,10010,9964,352,351.5,351.5,2.5085,3.744,5.16,7.09,3.71,5.16,1701.5,12800,12795,13023,122.846326,670,640.84,547.16
01/01/2017,59.7183,10,10.21,1164.15,0.6,8.18,5.05,1266,521595,86.7,1212.8,1645.14,55.7,52.81,51.95,1230.5,77.41,-15,5.6,800,192.04,104.77,327650,99.5669,38016.8,11.92,541.2,5,100.62,105.04,100.62,0.62,0.6,100.36,0.36,29292.36,1230.5,1978.8,1682.9,630.8,25424,13618,105.2,1.24,5921,5921,5930,5980,5991,9950,9965,9890,9899.5,359.75,359.5,359.5,2.726,3.133,6.27814,9.1741,3,6.2781,1821,13765,13835,13580,137.145736,756,702.93,605.28
01/02/2017,58.183498,10,10.02,1099.46,0.6,8.27,4.61,2290.9,521595,-36,1255.6,1615.19,54.3,54.01,54.01,2371.8,22.21,-15,5.6,859,190.62,117.48,330472,101.3437,38462.3,12.1,542.4,4.6,100.84,104.6,100.22,0.22,0.2,100.17,0.17,29292.36,1141.4,3951.1,3928.2,636,25820,15476,114.21,1.08,5936,5936,5940,5979.5,5973,10950,10960,10870,10926.5,373.75,367,372.5,2.7135,2.768,6.100298,7.128,2.54,6.1003,1895.5,13695,13770,13741,147.361442,781,737.14,628.82
01/03/2017,55.984299,9.75,9.86,1113.76,0.6,7.93,4.26,3632.6,521595,-50.4,1244.85,1645.14,51.9,50.6,50.6,3906.8,10.07,-15,5.4,1297,185.88,97.44,330337,100.5451,38555.2,11.14,543.1,4.3,100.97,104.25,100.13,0.13,0.1,100.15,0.15,29292.36,1453.7,7036.6,6892.4,634.09,31329,19003,96.64,0.79,5849,5849,5865.5,5861,5837.5,9955,10020,9875,9962.5,364.25,364,364,2.6555,3.192,4.94502,5.7948,3.13,4.945,1954.5,13880,13995,13738,146.431499,798,747.54,640.45
01/04/2017,56.931999,9.25,9.63,1114.43,2.5,7.61,4.13,4763.7,527027,-195.4,1266.45,1655.44,50.4,49.33,49.33,5196.5,2.99,-14,5.3,1109,181.73,115.1,332345,99.0368,38663.8,10.14,544.8,4.1,101.3,104.14,100.33,0.33,0.3,100.15,0.15,17640.55,1371,9506,9518.5,624.58,26049,18264,119.46,1.44,5688.5,5688.5,5714,5735,5735.5,9530,9455,9485,9404,366.5,363,365.25,2.611,3.269,5.035127,5.7095,3.2,5.0351,1938,14000,14015,14184,138.407591,824,755.27,638.26
01/05/2017,56.5308,9.25,9.15,1053.3,2.5,7.64,4.09,5830.5,527027,-4,1266.2,1680.1,49.3,48.32,48.32,6308.6,4.46,-14,5.2,878,179.77,100.55,336426,96.9672,39222.9,10.04,546.8,4.1,101.67,104.09,100.37,0.37,0.4,100.12,0.12,17640.55,1112,12008.7,11844.9,621.46,28230,19636,102.58,0.87,5615.5,5615.5,5640,5693,5682,8860,8950,8810,8922,372,371,371,2.5845,3.08,5.067728,5.7191,3.05,5.0677,1919,13680,13715,13951,146.440213,814,725.49,633.71
01/06/2017,59.419998,9,9.06,1000.96,2.5,7.69,4.36,7122,527027,118.9,1242.25,1687.29,47.4,46.04,46.04,7529.9,3.18,-14,5.1,901,174.78,126.94,343469,95.6309,39623.1,10.5,550.2,4.4,102.29,104.35,100.61,0.61,0.6,100.11,0.11,17640.55,1221.3,14507.5,14443,619.6,29515,20820,126.79,0.83,5907.5,5907.5,5918,5959,5937,9335,9375,9280,9347,381,369.75,379,2.707,3.041,4.984226,5.5236,2.98,4.9842,1915,13840,13945,13931,157.246192,841,736.75,648.42
01/07/2017,59.479198,9,9.18,1007.14,2.2,7.82,3.85,8371.2,529585,81.4,1267.55,1706.76,51.8,50.17,50.17,8715.6,3.61,-11,5.1,946,182.64,101.77,348410,92.8091,39275.9,9,550.5,3.9,102.36,103.86,100.07,0.07,0.1,100.13,0.13,11070.54,1185.8,17212.3,16823.8,616.5,24634,20842,102.81,1.37,6347,6347,6383,6373,6369,10280,10220,10235,10168.5,384.75,370.75,384.5,2.8915,2.81,5.09834,5.6319,2.87,5.0983,1924,14445,14545,14206,174.532417,894,761.82,681.66
01/08/2017,58.455101,9,8.71,1095.84,2.2,7.74,3.3,9607.9,529585,132.6,1311.75,1715.84,52.7,47.23,47.23,9926.4,3.52,-11,4.9,1184,180.86,135.07,350478,92.6243,39419.3,8.98,547.6,3.3,101.81,103.29,99.46,-0.54,-0.5,100.14,0.14,11070.54,1210.8,19641.1,19240.4,625.75,29056,22447,138.53,1.08,6792,6792,6819,6815,6788,11700,11795,11620,11740,357.75,341.75,356.5,3.103,3.03,5.536517,6.1309,2.92,5.5365,2132,16390,16560,16079,139.050815,935,789.7,726.21
01/09/2017,57.889801,8.5,8.47,1136.75,2.2,7.57,2.98,10971.5,529585,188.6,1283.1,1729.43,57.2,51.67,51.67,11191.2,3.58,-11,5,1356,183.09,118.73,351163,93.0711,39571,9.47,546.8,3,101.66,102.96,99.85,-0.15,-0.1,100.31,0.31,11070.54,1264.9,22069,21679.7,640.77,30751,20558,115.53,1.18,6485,6485,6531,6501,6481,10675,10520,10585,10415.5,355.25,355.5,355.5,2.948,3.018,6.032682,7.0843,2.94,6.0327,2133,16300,16445,15926,138.413392,935,790.36,697.5
01/10/2017,57.9002,8.25,8.11,1113.41,0.9,7.62,2.72,12283.6,518445,65,1270.15,1744.3,60.9,54.38,54.38,12502.2,4.56,-11,5,1522,187.56,92.96,351152,94.5674,39667.5,10.03,547.8,2.7,101.86,102.72,100.2,0.2,0.2,100.14,0.14,25882.82,1311,24905.9,24208.7,648.46,31523,21526,91.46,0.74,6802,6802,6831,6862,6839,11875,12405,11850,12256.5,345.75,345.75,345.75,3.112,2.905,5.891018,8.7927,2.84,5.891,2157,16185,16365,16005,133.344516,977,840.07,737.36
01/11/2017,58.596699,8.25,8.24,1131.56,0.9,7.61,2.48,13418.7,518445,-203.4,1280.2,1778.86,63.2,57.4,57.4,13880.7,5.39,-11,5.1,1578,189.17,93.25,355518,93.0139,40114.4,10.1,549,2.5,102.08,102.49,100.22,0.22,0.2,100.15,0.15,25882.82,1378.5,27268.7,26898.4,654.3,33421,22012,92.6,0.63,6761,6761,6793,6770.5,6762,11335,11145,11295,11050,355.75,341.75,355.5,3.07,3.023,6.739196,9.5714,3.06,6.7392,2052,14605,14565,14864,138.045956,1010,850.88,750.37
01/12/2017,57.626999,7.75,7.35,1154.43,0.9,7.59,2.51,15088.9,518445,-806.2,1296.5,1778.86,66.5,60.42,60.42,16420.3,0.02,-11,5.1,1366,193.87,83.77,356095,92.2574,42442.2,10.47,551.3,2.5,102.51,102.51,100.42,0.42,0.4,100.17,0.17,25882.82,2539.7,30640,31989.1,662.15,37191,24182,82.72,0.79,7157,7157,7192,7264,7247,12305,12240,12260,12705.5,350.75,350.25,350.25,3.2945,2.955,7.214322,10.709,3.69,7.2143,2251,15095,15225,14416,147.10327,1057,884.89,786.46
01/01/2018,56.317799,7.75,7.16,1282.36,1.9,7.23,2.2,1304.5,520585,308.4,1345.05,1828.56,68.1,64.73,64.73,1060.3,-13.83,-8,5.2,1152,197.38,91.85,367357,89.1201,41597.5,9.42,553.1,2.2,100.31,102.19,100.31,0.31,0.3,100.2,0.2,37495.98,1060.3,2136.1,1719.6,662.81,33620,16726,92.43,1.03,7100.5,7100.5,7140,7101,7118,13550,13490,13555,13559.5,361.5,361.25,361.25,3.201,2.958,6.647515,11.6696,3.34,6.6475,2222,14360,14440,14434,156.388044,1051,843.16,741.71
01/02/2018,56.2192,7.5,7.45,1285.47,1.9,7.03,2.18,2534.7,520585,126.6,1317.85,1838.76,65.7,61.64,61.64,2233.3,-5.84,-8,5,1192,193.97,68.04,373062,90.6693,42045.5,9.32,554.2,2.2,100.52,102.18,100.21,0.21,0.2,100.11,0.11,37495.98,1173,4455,4145.7,669.44,31305,19130,64.49,0.74,6953,6953,6989,6936.5,6931,13840,13745,13800,13743.5,382,374,381,3.129,2.669,7.834993,10.471,2.66,7.835,2138,14250,14325,13883,172.289119,1041,851.53,752.71
01/03/2018,57.321999,7.25,7.08,1249.41,1.9,7.05,2.34,4076.3,520585,175.5,1323.85,1857.67,67.3,64.94,64.94,3671,-6.04,-8,5,1055,195.4,109.76,377513,89.9829,42377,9.91,555.8,2.4,100.81,102.35,100.29,0.29,0.3,100.11,0.11,37495.98,1437.7,7803.4,7090.7,663.42,36638,21659,111.96,1.42,6685,6685,6720,6740.5,6714,13300,13390,13245,13253,387.75,387,387,3.023,2.731,8.511883,8.4609,2.81,8.5119,2014,13730,13770,13760,180.918816,970,787.02,689.66
01/04/2018,62.320202,7.25,7.08,1153.96,2.2,7.25,2.4,5529,491045,-70.1,1313.2,1880.47,75.1,68.57,68.57,5259.8,1.22,-8,4.9,1341,201.98,122.03,378737,91.8378,43122,11.53,557.9,2.4,101.19,102.4,100.38,0.38,0.4,100.25,0.25,37691.8,1588.7,10831.9,10032.8,671.38,36013,20991,123.26,1.77,6783,6783,6820.5,6821.5,6807,13770,13675,13725,13593,400.75,392.25,400.25,3.071,2.765,7.060249,7.4752,2.75,7.0602,2226,14400,14480,14455,180.376409,963,796.86,700.62
01/05/2018,62.097,7.25,7.06,1162.98,2.2,7.36,2.41,6914.9,491045,312.2,1305.35,1890.8,76.45,67.04,67.04,6380,1.13,-8,4.7,1090,202.86,120.97,376129,93.9859,43257.4,10.29,560,2.4,101.57,102.41,100.38,0.38,0.4,100.22,0.22,37691.8,1120.3,13765,12488.9,697.56,36542,21354,125.67,1.26,6825,6825,6834,6828,6852,15210,15295,15200,15157.5,394,393.75,393.75,3.0645,2.953,7.464167,8.6126,2.94,7.4642,2286,14525,14590,14617,192.70383,986,845.26,740.8
01/06/2018,62.8339,7.25,7.14,1154.16,2.2,7.7,2.27,8626.7,491045,478.6,1250.45,1909.77,77.88,74.15,74.15,7679,1.98,-8,4.7,1385,200.36,103.36,378582,94.5183,44126.7,11.37,562.7,2.3,102.07,102.29,100.49,0.49,0.5,100.34,0.34,37691.8,1299,16770.6,15255.9,721.28,36328,21061,103.97,0.89,6646,6646,6645,6619,6626,15000,14940,14910,14823,371.25,350,370.5,2.9645,2.919,7.510464,10.4376,2.96,7.5105,2160,14100,14165,14120,193.07922,953,818.73,725.27
01/07/2018,62.206402,7.25,7.76,1173.06,2.2,7.69,2.51,10496.2,470717,620.1,1220.95,1928.21,74.44,68.76,68.76,9034.1,3.65,-14,4.7,1747,194.46,111.23,380621,94.5372,43910.3,11.8,564.3,2.5,102.35,102.5,100.27,0.27,0.3,100.28,0.28,39002.29,1355.1,20411,17954.2,723.44,34367,21244,110.03,1.14,6213,6213,6236.5,6322,6300,13900,14065,13770,13939,386.5,372,385.75,2.8265,2.781,7.621876,9.9723,2.82,7.6219,2076,14450,14540,14211,196.806077,928,792.15,706.78
01/08/2018,68.202698,7.25,7.13,1092.29,2.2,8.74,3.07,12222.4,470717,653.9,1202.45,1944.01,77.4,69.8,69.8,10184.9,2.6,-14,4.6,1579,192.96,112.15,383350,95.1213,44369.1,12.56,564.4,3.1,102.36,103.06,100.01,0.01,0,100.34,0.34,39002.29,1150.8,23462,20462.6,724.89,37524,21671,112.74,1.16,6019,6019,6020,5990,5975,13100,12810,13010,12708,365,352,365,2.6655,2.921,8.101153,10.5904,2.98,8.1012,2139,14860,14890,14775,211.292059,979,841.79,755.4
01/09/2018,65.579803,7.5,7.38,1192.04,2.2,8.57,3.37,13986.1,470717,631.9,1187.25,1970.11,82.58,73.25,73.25,11370.2,1.6,-14,4.5,1540,195.07,73.96,381672,95.1904,44254.7,11.84,565.2,3.4,102.52,103.38,100.16,0.16,0.2,100.46,0.46,39002.29,1185.3,26367.9,22933.8,734.31,38678,19809,75.05,0.82,6180,6180,6180,6259.5,6258,12600,12545,12480,12507,356.25,356.75,356.75,2.803,3.001,9.524994,11.0905,3.01,9.525,2034,14290,14310,14475,191.144422,1094,943.92,838.96
01/10/2018,65.472,7.5,7.11,1126.21,2.7,8.62,3.54,15802.3,455073,475.3,1214.95,1998.48,74.2,65.31,65.31,12720.1,1.74,-17,4.7,1490,190.96,91.64,378508,97.1301,44218.4,11.47,567.2,3.5,102.88,103.54,100.35,0.35,0.4,100.43,0.43,50300.16,1412.1,30036.7,25670.6,758.54,41349,21500,92.02,1.01,6073,6073,6017,5999.5,5992,11675,11540,11625,11425.5,363.25,363.25,363.25,2.6535,3.283,8.606639,10.0357,3.31,8.6066,1966.5,13915,13960,14235,188.461607,1082,955.83,847.63
01/11/2018,66.069702,7.5,7.49,1126.14,2.7,8.69,3.83,17454.9,455073,402.8,1217.55,2036.24,57.15,50.93,50.93,14012.2,0.95,-17,4.8,1231,181.68,79.83,379179,97.1997,44891.6,11.91,570,3.8,103.39,103.83,100.5,0.5,0.5,100.42,0.42,50300.16,1292.1,33081.5,28456,763.85,40277,21282,80.41,0.83,6238,6238,6202,6198.5,6198,11090,11095,11020,11135.5,377.75,367,377.5,2.792,4.64,8.211218,9.7773,4.61,8.2112,1938.5,13520,13555,13750,181.552391,1205,1060.27,943.99
01/12/2018,69.521202,7.75,7.73,1068.72,2.7,8.73,4.26,19454.9,455073,-629.6,1281.65,2066.16,50.34,45.41,45.41,16712.9,1.78,-17,4.8,1271,169.3,87.69,381592,96.0741,47109.3,11,574.8,4.3,104.26,104.26,100.84,0.84,0.8,100.47,0.47,50300.16,2700.7,36916.9,33880.7,738.64,41273,22429,90.61,0.93,5965,5965,5981,5912,5965,10725,10645,10595,10604.5,375,375,375,2.643,2.96,7.883503,8.9519,3.25,7.8835,1846,13560,13590,13698,188.535836,1270,1108.2,1001.58
01/01/2019,65.414398,7.75,7.68,1214.45,0.4,8.11,4.97,1486.3,469348,414.2,1323.25,2066.16,62.39,53.79,53.79,1119.6,5.59,-16,4.9,668,179.68,87.63,386485,95.5533,45721.2,9.91,580.6,5,101.01,104.99,101.01,1.01,1,100.63,0.63,40846.7,1119.6,2460.8,1784.9,714.26,30844,16369,87.42,1,6148,6148,6167.5,6163.5,6169,12450,12475,12380,12406.5,376.5,376,376,2.785,2.825,7.165361,8.2857,2.82,7.1654,1904,13450,13510,13580,188.84495,1380,1201.04,1052.63
01/02/2019,65.7258,7.75,7.59,1188.28,0.4,8.42,5.23,2844,469348,76,1319.15,2113.03,65.25,57.22,57.22,2465.3,10.39,-16,4.9,658,182.75,102.71,390969,96.2218,46212.6,9.91,583.2,5.2,101.45,105.22,100.44,0.44,0.4,100.36,0.36,40846.7,1345.6,5044.6,4479,714.97,34738,18182,96.8,1.06,6536,6536,6494,6481,6509,13140,13065,13040,12969,370.75,361.5,370.75,2.944,2.807,5.983216,6.501,2.89,5.9832,1916,13630,13680,13550,177.916702,1544,1356.17,1163.97
01/03/2019,65.5439,7.75,7.91,1198.11,0.4,8.42,5.25,4590,469348,334.6,1295.4,2119.25,68.18,60.14,60.14,3924.1,6.89,-16,4.7,689,183.83,76.16,397792,97.2456,46141.2,8.88,585,5.3,101.77,105.25,100.32,0.32,0.3,100.31,0.31,40846.7,1458.8,8693.4,7358.6,721.4,37039,20906,82.33,0.56,6485,6485,6478,6473.5,6482.5,13120,12995,13015,12896.5,356.5,357,357,2.9315,2.673,5.196031,5.2452,2.73,5.196,1914,13665,13720,14025,164.506645,1390,1237.21,1063.91
01/04/2019,64.431801,7.75,7.84,1248.39,1.1,8.14,5.16,6361.1,483638,218,1282.3,2150.48,72.57,63.91,63.91,5545.3,5.43,-15,4.7,1011,184.25,78.96,401080,97.5235,46435.9,7.68,586.7,5.2,102.07,105.17,100.29,0.29,0.3,100.26,0.26,30529.75,1621.3,12594.6,10704.7,725.01,36693,22020,79.25,0.81,6442,6442,6435,6432,6415,12450,12240,12360,12131.5,362.5,353.75,362.5,2.907,2.571,4.96,5.0798,2.59,4.96,1817.5,14160,14175,14264,159.030089,1366,1218.01,1049.16
01/05/2019,65.213898,7.75,8.02,1287.09,1.1,7.91,5.13,7867.4,483638,163,1295.55,2168.3,65.66,53.5,53.5,6584.2,3.2,-15,4.5,1096,175.32,106.56,405351,97.774,46735.3,8.04,588.7,5.1,102.42,105.13,100.34,0.34,0.3,100.29,0.29,30529.75,1170.8,15620.4,13070.7,738.06,32480,19856,106.47,0.97,5780.5,5780.5,5819,5823.5,5830,12070,11990,12040,11971.5,427,427,427,2.63,2.464,4.359131,5.0333,2.59,4.3591,1788.5,14160,14155,14322,158.281695,1370,1227.6,1089.03
01/06/2019,63.0574,7.5,7.55,1380.52,1.1,7.41,4.67,9549.9,483638,478.1,1409,2183.45,66.39,58.47,58.47,7854.1,2.28,-15,4.4,1354,180.82,103.33,418086,96.193,47349.4,7.3,589,4.7,102.46,104.66,100.04,0.04,0,100.23,0.23,30529.75,1270,18583.5,15946.2,733.63,32377,19974,106.59,0.9,5972,5972,5981.5,6001,5993,12710,12675,12665,12617,431.5,422.75,439,2.7175,2.316,3.483017,4.3893,2.42,3.483,1793.5,13850,13830,14100,174.697763,1524,1338.6,1199.53
01/07/2019,63.490799,7.25,7.31,1360.04,1.5,7.3,4.57,11471.3,474850,511.7,1427.55,2190.13,64.01,58.58,58.58,9320.2,3.17,-13,4.5,1868,178.55,92.41,417874,98.5667,47351,7.84,590.1,4.6,102.66,104.58,100.2,0.2,0.2,100.2,0.2,26169.88,1466.1,22508.5,18951.6,713.82,33371,22312,93.52,0.8,5926,5926,5950,5940,5927,14380,14555,14360,14452,410,401,410.25,2.6615,2.239,3.59434,4.4193,2.28,3.5943,1807,13870,13895,14054,163.876753,1533,1374.89,1258.1
01/08/2019,66.491501,7.25,7.11,1293.32,1.5,7.16,4.31,13256.7,474850,469.5,1528.4,2206.99,59.38,55.1,55.1,10582.4,3.9,-13,4.3,2378,170.36,105.96,419606,98.8366,47584.1,7.25,588.7,4.3,102.41,104.31,99.76,-0.24,-0.2,100.17,0.17,26169.88,1374.5,25657.8,21675.5,709.54,34295,21926,103.4,0.84,5678,5678,5696,5652,5676,17800,17905,17860,18004,369.75,357,369,2.557,2.28,3.27375,4.2802,2.33,3.2737,1741.5,14260,14260,14397,149.363005,1542,1396.74,1264.97
01/09/2019,64.622101,7,6.82,1333.91,1.5,7.02,4,15034.7,474850,473,1485.3,2219.18,61.09,54.07,54.07,11948.3,5.08,-13,4.5,1823,173.96,92.55,423077,99.4021,48266.8,9.07,587.8,4,102.25,103.99,99.84,-0.16,-0.2,100.15,0.15,26169.88,1365.8,28630.6,24637.1,707.41,35485,20932,90.37,0.58,5728,5728,5761,5711.5,5725,17375,17120,17570,17219,388,387,387,2.573,2.327,3.094424,5.0545,2.37,3.0944,1722.5,14025,14015,14346,146.570486,1674,1536.48,1361.53
01/10/2019,63.750801,6.5,6.56,1422.92,2.1,6.48,3.76,16671.2,491327,40.2,1510.95,2230.44,59.42,54.18,54.18,13515.3,6.25,-13,4.6,1731,176.76,95.38,433015,97.3133,48082.4,8.74,588.5,3.8,102.38,103.75,100.13,0.13,0.1,100.16,0.16,30960.7,1650.1,32160,27703.6,706,37010,23837,97.84,1.07,5825,5825,5850,5806,5797,16800,16690,16835,16680,390,389.75,389.75,2.6385,2.638,3.316431,6.0174,2.73,3.3164,1747,13890,13840,14126,153.22109,1794,1608.97,1384.79
01/11/2019,64.056198,6.5,6.56,1438.45,2.1,6.4,3.54,18025.6,491327,-12.2,1460.15,2241.86,63.23,55.17,55.17,14926.3,6.52,-13,4.6,1528,176.66,73.71,436132,98.2804,49195.3,9.59,590.2,3.5,102.67,103.53,100.28,0.28,0.3,100.22,0.22,30960.7,1411.1,34936.3,30730.8,700.35,35766,23217,73.08,0.47,5854,5854,5877,5879.5,5864,13915,13665,13810,13618,381.25,370.5,381,2.661,2.313,4.736047,5.4564,2.46,4.736,1761,13955,13885,14169,157.528264,1832,1666.21,1421.26
01/12/2019,61.9711,6.25,6.11,1548.92,2.1,6.23,3.04,20187.2,491327,-1051.8,1523,2252.06,67.04,61.06,61.06,18213.2,8.98,-13,4.6,1090,185.75,72.74,443983,96.4481,51660.3,9.66,592.3,3,103.04,103.04,100.36,0.36,0.4,100.14,0.14,30960.7,3286.9,39110.3,36995.3,697.55,39623,24345,74.28,0.58,6156,6156,6183,6169,6174,14100,14060,14000,13950,387.75,387.25,387.25,2.7985,2.183,4.231963,5.5734,2.09,4.232,1830,14340,14110,14671,165.254641,1905,1701.65,1450.87
01/01/2020,63.196098,6.25,6.09,1517.07,1.4,6.29,2.43,1556.5,458657,-9.7,1584.2,2261.48,56.81,51.56,51.56,1624.4,45.09,-11,4.7,487,170.27,140.72,446488,97.3614,50622.9,10.72,594.7,2.4,100.4,102.42,100.4,0.4,0.4,100.17,0.17,26467.11,1624.4,2590.2,2222.4,703.83,30582,17061,138.42,1.18,5570,5570,5588,5560.5,5567,12760,12790,12675,12771.5,381.25,381.25,381.25,2.512,1.843,3.623647,4.9137,1.91,3.6236,1724.5,14175,14100,14419,178.241777,2295,2076.92,1745.91
01/02/2020,66.269096,6,6.24,1299.69,1.4,6.49,2.3,2818.9,458657,-60.2,1609.85,2271.16,50.57,44.76,44.76,2982.2,20.97,-11,4.6,535,159.55,75.67,450629,98.133,51314.2,11.04,596.6,2.3,100.73,102.31,100.33,0.33,0.3,100.11,0.11,26467.11,1357.8,5134,5070.6,700.31,28704,18418,75.96,0.66,5573,5573,5597,5635,5635,12250,12255,12160,12187,368.25,373,368,2.5445,1.701,2.995198,2.9203,1.79,2.9952,1680,13060,13110,13682,172.231103,2719,2475.19,2115.95
01/03/2020,79.589203,6,6.21,1014.44,1.4,6.81,2.55,4731.3,458657,354.7,1608.95,2279.24,17.85,20.48,20.48,4618,17.68,-11,4.7,626,121.9,83.74,443634,98.9636,52327,13.41,599.9,2.5,101.28,102.54,100.55,0.55,0.6,100.51,0.51,26467.11,1635.8,9223.3,8601.9,690.51,30000,20475,81.54,0.43,4797,4797,4811.5,4930,4951,11298,11470,11235,11434.5,340.75,341.5,341.5,2.216,1.643,2.785918,3.2789,1.71,2.7859,1524,11545,11570,12146,170.874752,2307,2103.01,1861.23
01/04/2020,73.065399,5.5,5.92,1125.03,-7.8,6.11,3.1,7002,483222,216.4,1702.75,2290.19,19.88,18.84,18.84,6755.3,21.82,-30,5.8,635,117.52,69.76,439927,99.0167,52951.7,14.03,604.9,3.1,102.12,103.09,100.83,0.83,0.8,100.5,0.5,14516.62,2137.4,13187.2,12244.7,640.79,24965,17541,69.34,0.35,5231,5231,5258.5,5183,5188.5,12207,12130,12134,12124.25,320,313,319.75,2.3445,1.938,2.079481,2.1264,1.63,2.0795,1498,12760,12500,12808,179.746518,1986,1831.26,1590.07
01/05/2020,70.504898,5.5,5.57,1219.76,-7.8,5.57,3.02,7891,483222,-473.3,1728.7,2299.15,34.64,35.49,35.49,8164.7,24,-30,6.1,504,132.49,69.8,438568,98.2628,53068,13.55,606.5,3,102.4,103.02,100.27,0.27,0.3,100.28,0.28,14516.62,1409.4,15374,14986.5,622.85,21005,17213,68.51,0.29,5332.5,5332.5,5357,5380,5376.5,12192,12390,12120,12259.75,325.75,325,325,2.4425,1.84,1.447498,2.0321,1.7,1.4475,1536.5,13425,13215,13713,174.954969,1920,1727.4,1555.29
01/06/2020,69.973,4.5,4.5,1212.63,-7.8,5.95,3.21,9091.9,483222,-501.3,1768.1,2298.72,41.85,39.27,39.27,9915,26.24,-30,6.2,1799,137.75,71.61,438082,97.3841,54392.6,14.87,607.9,3.2,102.63,103.21,100.22,0.22,0.2,100.27,0.27,14516.62,1750.3,17876.1,18725.9,660.84,24509,19056,71.23,0.49,6038,6038,6043.5,6039,6015,12837,12805,12790,12757.5,341.5,338.75,340.5,2.7295,1.758,1.647865,2.0505,1.76,1.6479,1621.5,14070,13830,14239,169.722337,1905,1699.38,1550.67
01/07/2020,73.321503,4.25,4.3,1234.44,-3.5,5.93,3.37,10399.7,462514,-522.7,1964.9,2299.24,43.16,40.27,40.27,11794.9,26.55,-22,6.3,1350,143.58,67.22,447431,93.4841,54687.4,15.49,610,3.4,102.99,103.37,100.35,0.35,0.4,100.26,0.26,14738.03,1879.9,21013.6,22278.9,689.26,24660,19734,66.47,0.4,6446.5,6422,6439.5,6376,6413,13806,13740,13756,13738,327,315,325.75,2.8595,1.816,1.629609,2.287,1.83,1.6296,1722,14925,14685,15063,170.574122,2065,1745.56,1571.54
01/08/2020,74.130203,4.25,4.13,1258.6,-3.5,6.09,3.58,11688.3,462514,-116,1957.35,2299.87,44.97,42.61,42.61,13256.8,25.27,-22,6.4,1488,153.22,66.2,449834,92.1711,55294.2,16.2,609.8,3.6,102.95,103.58,99.96,-0.04,0,100.32,0.32,14738.03,1461.9,23670.8,25237.4,696.15,23289,19948,65.47,0.51,6728,6697.5,6702,6674,6667,15442,15320,15414,15336.5,357.75,348.75,358.25,3.0515,2.629,2.624783,3.6257,2.3,2.6248,1797.5,14635,14540,14937,174.182477,2176,1831.65,1639.79
01/09/2020,78.965103,4.25,4.17,1178.51,-3.5,6.27,3.67,13216.7,462514,-12.2,1886.9,2299.4,40.9,40.22,40.22,14873.5,24.48,-22,6.3,1725,148.47,83.04,444309,93.848,56023.9,16.07,609.4,3.7,102.88,103.67,99.93,-0.07,-0.1,100.3,0.3,14738.03,1616.7,26554.2,28414.6,700.33,31010,20497,80.38,0.93,6610,6668,6612,6686,6672,14423,14470,14385,14480,379,378,378,3.0225,2.545,3.866049,4.6098,1.66,3.866,1770.5,14385,14145,14580,204.137314,2335,1994.87,1817.83
01/10/2020,78.838303,4.25,4.23,1066.6,-1.8,6.19,3.99,15145.4,467113,71.1,1881.85,2299.34,36.29,35.79,35.79,16842.1,24.62,-26,6.3,1283,144.71,76.73,444188,94.0175,55871.6,16.2,612,4,103.32,103.99,100.43,0.43,0.4,100.46,0.46,18711.43,1968.6,30311.3,31894.1,702.43,28617,21882,76.08,0.85,6694.5,6707.5,6706,6713,6718.5,15289,15225,15256,15123,398.5,398.5,398.5,3.0505,3.389,4.828298,6.1218,3.03,4.8283,1823.5,14625,14370,15043,203.4263,2228,1907.53,1718.47
01/11/2020,75.991501,4.25,4.08,1281.97,-1.8,5.85,4.42,16528.6,467113,-657.8,1762.55,2298.65,46.6,45.34,45.34,18931.5,26.83,-26,6.1,1227,160.07,70.36,449006,92.033,56122.6,14.08,616.3,4.4,104.05,104.42,100.71,0.71,0.7,100.5,0.5,18711.43,2089.4,33179.9,35590.3,709.45,30150,22756,70.07,0.45,7674.5,7487.5,7681,7566,7580,16388,16055,16343,15985,426,419.75,426.25,3.4505,2.934,4.788465,6.8221,2.89,4.7885,2022.5,16720,16485,16295,210.753936,2400,2001.67,1795.06
01/12/2020,74.522003,4.25,4.61,1387.46,-1.8,5.91,4.91,18719.09,467113,-1604.2,1887.6,2298.53,50.7,48.52,48.52,22821.55,25.3,-26,5.9,1366,167.83,60.04,457020,89.9583,58652.1,13.53,621.4,4.9,104.91,104.91,100.83,0.83,0.8,100.46,0.46,18711.43,3890,37856.7,42150.9,720.09,35883,25060,64.07,0.58,7741.5,7741.5,7757,7753.5,7766,16607,16570,16540,16553.5,484,485.75,485.75,3.52,2.547,5.832813,11.6089,2.36,5.8328,1980.5,15680,15460,16441,217.312543,2342,1903.29,1721.43
01/01/2021,75.919998,4.25,4.43,1367.64,-0.7,6.29,5.19,1504,461718,21.2,1863.8,2298.53,55.24,52.2,52.2,1560,-3.96,-21,5.8,1452,174.15,76.72,453900,90.5382,57598.4,13.78,625.5,5.2,100.67,105.19,100.67,0.67,0.7,100.5,0.5,26280.33,1560,2506.5,2422.6,745.29,26697,17666,78.42,0.6,7877,7877,7873.5,7813.5,7856,17761,17670,17727,17647.5,547,547.25,547.25,3.5405,2.557,7.27983,20.4152,2.68,7.2798,1987.5,15020,15005,15233,237.94425,2327,1914.44,1692.36
01/02/2021,74.706299,4.25,4.21,1411.93,-0.7,6.82,5.67,2755.6,461718,-417.5,1742.85,2298.53,66.06,61.5,61.5,3291.9,10.38,-21,5.7,1675,190.3,71.07,455963,90.9399,58178.2,13.38,630.5,5.7,101.46,105.67,100.78,0.78,0.8,100.58,0.58,26280.33,1731.9,5077.7,5757.9,771.38,30278,21054,74.4,0.53,9172.5,9172.5,9120.5,9000,9077,18653,18555,18607,18532,547.5,556.5,549,4.102,2.775,6.176526,7.1688,2.66,6.1765,2202.5,17465,17465,17086,240.806388,2362,1948.84,1691.37
01/03/2021,75.903999,4.5,4.45,1477.11,-0.7,7.13,5.79,5299.92,461718,921.5,1691.05,2295.42,63.98,59.16,59.16,5013.27,8.56,-21,5.4,2046,184.88,78.69,448035,93.1839,58261.6,11.34,634.6,5.8,102.13,105.79,100.66,0.66,0.7,100.83,0.83,26280.33,1721.4,10049,9386.9,799.15,36275,25856,79.97,0.66,8850.5,8850.5,8845.5,8809.5,8785.5,16150,16120,16098,16022,564.25,564.25,564.25,3.983,2.604,6.198962,6.4435,2.52,6.199,2235,17200,17155,17259,229.887549,2625,2239.76,1907.7
01/04/2021,74.729301,5,4.85,1485.03,10.5,7.1,5.53,7486.83,473389,156.6,1767.65,2295.42,67.32,63.58,63.58,7156.94,5.95,-18,5.2,3053,199.76,87.28,459622,91.2985,59206.3,11.81,638.3,5.5,102.72,105.53,100.58,0.58,0.6,100.58,0.58,35367.39,2143.7,14467.1,13734.3,820.73,36713,26277,90.65,1.24,9949,9949,9939.5,9809,9825,17512,17570,17477,17653,673.25,739,673.25,4.456,2.941,7.285882,7.8941,2.86,7.2859,2438,19000,18990,18669,239.936143,2981,2465.67,2147.69
01/05/2021,73.194702,5,4.86,1597.54,10.5,7.21,6.02,9320.3,473389,170.9,1899.95,2295.42,69.75,66.9,66.9,8878.2,8.74,-18,4.9,2596,205.7,92.96,465733,89.8467,59194.1,11.54,643,6,103.48,106.02,100.74,0.74,0.7,100.82,0.82,35367.39,1721.2,17950.2,16756.8,839.61,34926,24601,94.12,0.85,10159.5,10159.5,10171,10274.5,10258,17843,18195,17811,18078,656.75,656,656,4.6695,3.01,8.98512,10.0145,2.91,8.9851,2434,18790,18825,18423,278.447005,2817,2320.43,1990.81
01/06/2021,72.722397,5.5,5.32,1653.78,10.5,7.2,6.5,11265.8,473389,428,1763.15,2292.31,76.26,73.47,73.47,10491.1,5.81,-18,4.8,3383,213.39,75.57,461306,92.3671,59583.9,9.54,647.4,6.5,104.19,106.5,100.69,0.69,0.7,100.75,0.75,35367.39,1612.9,21588.2,20180.2,863.96,43409,25307,75.67,0.85,9385,9385,9405.5,9380,9374.5,18440,18235,18450,18212,588.5,720.25,588.5,4.2915,3.737,10.311093,12.0173,3.79,10.3111,2535,18805,18800,18651,238.767027,2707,2279.58,1957.34
01/07/2021,73.153,6.5,6.83,1625.76,4.3,6.89,6.5,13651.1,490635,341.7,1825.75,2292.31,76.32,73.95,73.95,12615.9,6.96,-19,4.5,3292,218.08,59.17,466129,92.1032,59379.7,8.58,649.4,6.5,104.51,106.46,100.31,0.31,0.3,100.47,0.47,48469.66,2124.7,26215.1,23794.4,886.42,44497,26268,60.68,0.52,9747.5,9747.5,9775,9714,9728,19885,19570,19892,19547,545.25,546.75,544.5,4.4805,3.913,12.544717,14.0968,3.94,12.5447,2619,20075,20085,19431,243.628007,2658,2238.32,1906.74
01/08/2021,73.416496,6.5,6.45,1684.16,4.3,7,6.68,15697.8,490635,129.8,1814.85,2292.31,72.63,68.5,68.5,14620.7,10.29,-19,4.4,4132,218,91.11,485484,92.654,59816.9,8.18,650.5,6.7,104.69,106.68,100.17,0.17,0.2,100.59,0.59,48469.66,2004.9,30025.9,27664,899.72,42973,26018,90.69,0.71,9462.5,9462.5,9457.5,9535,9520,19488,19600,19513,19589.5,534.25,533,534.75,4.3655,4.405,15.323414,16.6439,4.33,15.3234,2696,21400,21385,20380,274.87603,2492,2108.29,1811.05
01/09/2021,72.845901,6.75,6.83,1777.74,4.3,7.31,7.4,17923.9,490635,653.3,1742.8,2295.42,79.11,75.03,75.03,16298.9,9.58,-19,4.3,5167,228.92,80.4,485464,94.2638,60606.2,8.18,654.4,7.4,105.32,107.4,100.6,0.6,0.6,100.81,0.81,48469.66,1678.1,33914.2,31308.9,890.72,45325,25502,81.76,0.62,9041,9041,9020,8948,8936.5,18100,17990,18180,17946.5,536.75,537.5,537.5,4.106,5.971,22.091544,24.063,5.58,22.0915,2866,22630,22565,22641,269.733507,1899,1639.19,1410.32
01/10/2021,70.142403,7.5,7.34,1843.83,5,8.17,8.13,20431.7,478162,793.4,1769.15,2295.42,83.74,83.57,83.57,18134.7,7.67,-23,4.3,3519,237.7,80.83,491378,94.1408,60813.7,8.85,661.7,8.1,106.49,108.13,101.11,1.11,1.1,100.85,0.85,,1835.8,38708.5,35119.5,894.28,46579,26801,81.12,0.57,9955,9955,9615,9544,9496,19300,19635,19480,19556,568.25,569,569,4.374,5.566,29.787582,35.0652,5.49,29.7876,2693,19950,19870,20384,294.036818,1972,1697.07,1434.18
01/11/2021,74.439201,7.5,7.32,1645.81,5,8.35,8.4,22438.9,478162,275,1804.4,2298.53,70.99,66.18,66.18,19940.9,5.33,-23,4.3,3018,219.19,88.13,489762,95.897,62312.5,11.03,668,8.4,107.51,108.4,100.96,0.96,1,101.14,1.14,,1806.3,42641.3,38801.8,918.43,48957,27901,89.08,1.24,9605,9605,9505,9451,9442.5,20100,19925,20190,20005,567.5,568,568.75,4.3085,4.607,27.201387,31.9636,4.52,27.2014,2625,18850,18905,19290,317.437355,1767,1554.77,1324.09
01/12/2021,74.531502,8.5,7.84,1595.76,5,8.42,8.39,25286.5,478162,-1874.9,1820.1,2301.64,77.26,75.21,75.21,24771.8,8.55,-23,4.3,2217,232.37,104.02,497557,95.9701,66252.4,12.96,673.48,8.39,108.39,108.39,100.82,0.82,0.82,100.63,0.63,,4830.8,48118.4,47072.6,925.78,57396,30676,108.61,1.8,9692,9692,9681,9755,9720.5,20740,20705,20925,20880.5,593.25,592.5,592.5,4.46,3.76,,,3.82,,2805,20400,20380,19973,,1973,1746.02,1463.65
